ticker,recent_close,adv20_dollar,adv20_sessions_available,last_parquet_date,built_date
AA,58.41,413152271.0,20,2026-03-27,2026-03-28
AAMI,52.22,14320458.0,20,2026-03-27,2026-03-28
AAOI,98.21,1377349969.0,20,2026-03-27,2026-03-28
AAON,81.48,79581849.0,20,2026-03-27,2026-03-28
AAP,51.57,79940067.0,20,2026-03-27,2026-03-28
AAT,18.18,7609065.0,20,2026-03-27,2026-03-28
AAUC,31.04,19718947.0,20,2026-03-27,2026-03-28
AB,35.66,14965626.0,20,2026-03-27,2026-03-28
ABCB,75.89,47545992.0,20,2026-03-27,2026-03-28
ABM,37.49,29674701.0,20,2026-03-27,2026-03-28
ABT,103.99,1340137842.0,20,2026-03-27,2026-03-28
ACA,102.85,42518280.0,20,2026-03-27,2026-03-28
ACAD,20.75,42916216.0,20,2026-03-27,2026-03-28
ACGL,93.42,169521364.0,20,2026-03-27,2026-03-28
ACHC,22.91,76697946.0,20,2026-03-27,2026-03-28
ACI,17.07,107181235.0,20,2026-03-27,2026-03-28
ACLS,97.35,68116926.0,20,2026-03-27,2026-03-28
ACM,85.46,100622721.0,20,2026-03-27,2026-03-28
ACNB,47.25,2729086.0,20,2026-03-27,2026-03-28
ACT,40.17,14466445.0,20,2026-03-27,2026-03-28
AD,45.73,9149806.0,20,2026-03-27,2026-03-28
ADC,74.41,107110851.0,20,2026-03-27,2026-03-28
ADEA,24.19,29537956.0,20,2026-03-27,2026-03-28
ADM,72.23,320282348.0,20,2026-03-27,2026-03-28
ADNT,20.25,19766806.0,20,2026-03-27,2026-03-28
ADUS,95.19,23106636.0,20,2026-03-27,2026-03-28
AEE,108.72,188846800.0,20,2026-03-27,2026-03-28
AFL,106.41,283971755.0,20,2026-03-27,2026-03-28
AFRM,42.53,271573463.0,20,2026-03-27,2026-03-28
AG,20.68,506745739.0,20,2026-03-27,2026-03-28
AGI,42.54,195830085.0,20,2026-03-27,2026-03-28
AGIO,29.43,22531741.0,20,2026-03-27,2026-03-28
AGO,79.29,27080016.0,20,2026-03-27,2026-03-28
AGYS,70.37,22643671.0,20,2026-03-27,2026-03-28
AIG,72.95,340617641.0,20,2026-03-27,2026-03-28
AII,18.64,3403829.0,20,2026-03-27,2026-03-28
AIN,50.83,17396172.0,20,2026-03-27,2026-03-28
AL,64.8,190801826.0,20,2026-03-27,2026-03-28
ALC,73.34,117089229.0,20,2026-03-27,2026-03-28
ALGM,30.12,57370960.0,20,2026-03-27,2026-03-28
ALGT,79.4,42508789.0,20,2026-03-27,2026-03-28
ALH,19.53,20308386.0,20,2026-03-27,2026-03-28
ALK,36.16,210739410.0,20,2026-03-27,2026-03-28
ALKS,29.39,66967669.0,20,2026-03-27,2026-03-28
ALLY,37.79,150738626.0,20,2026-03-27,2026-03-28
ALMS,24.8,37094867.0,20,2026-03-27,2026-03-28
ALNT,62.42,13831189.0,20,2026-03-27,2026-03-28
ALRM,42.49,20357309.0,20,2026-03-27,2026-03-28
ALRS,23.57,3081501.0,20,2026-03-27,2026-03-28
ALV,102.53,94474004.0,20,2026-03-27,2026-03-28
AM,23.19,61870137.0,20,2026-03-27,2026-03-28
AMAL,37.95,5463540.0,20,2026-03-27,2026-03-28
AMBA,50.47,47425437.0,20,2026-03-27,2026-03-28
AMBQ,23.77,12488875.0,20,2026-03-27,2026-03-28
AMH,27.48,98642078.0,20,2026-03-27,2026-03-28
AMN,18.91,21145919.0,20,2026-03-27,2026-03-28
AMPH,19.01,12543031.0,20,2026-03-27,2026-03-28
AMRC,26.75,15294835.0,20,2026-03-27,2026-03-28
AMSC,33.72,28077738.0,20,2026-03-27,2026-03-28
AMSF,32.73,8076202.0,20,2026-03-27,2026-03-28
AMTB,21.48,6056944.0,20,2026-03-27,2026-03-28
AMTM,25.84,52472919.0,20,2026-03-27,2026-03-28
AMWD,40.1,12719663.0,20,2026-03-27,2026-03-28
ANAB,57.4,40488973.0,20,2026-03-27,2026-03-28
ANDE,73.19,27479493.0,20,2026-03-27,2026-03-28
ANDG,25.41,9492017.0,20,2026-03-27,2026-03-28
ANF,89.13,146609475.0,20,2026-03-27,2026-03-28
ANIP,72.82,28410709.0,20,2026-03-27,2026-03-28
ANRO,20.5,6563872.0,20,2026-03-27,2026-03-28
AOS,64.42,105424719.0,20,2026-03-27,2026-03-28
AOSL,22.05,6305831.0,20,2026-03-27,2026-03-28
APA,44.39,378235664.0,20,2026-03-27,2026-03-28
APAM,35.13,32386923.0,20,2026-03-27,2026-03-28
APC,17.64,3958115.0,20,2026-03-27,2026-03-28
APEI,57.24,28208138.0,20,2026-03-27,2026-03-28
APG,39.91,132630645.0,20,2026-03-27,2026-03-28
APGE,77.82,97192881.0,20,2026-03-27,2026-03-28
APLD,23.76,423385673.0,20,2026-03-27,2026-03-28
APO,108.42,696530580.0,20,2026-03-27,2026-03-28
APOG,32.46,11624718.0,20,2026-03-27,2026-03-28
APPN,23.18,17571630.0,20,2026-03-27,2026-03-28
APTV,67.04,179255107.0,20,2026-03-27,2026-03-28
ARCB,92.47,29526818.0,20,2026-03-27,2026-03-28
ARCC,17.45,156902119.0,20,2026-03-27,2026-03-28
ARE,46.04,102110769.0,20,2026-03-27,2026-03-28
ARES,106.28,469739366.0,20,2026-03-27,2026-03-28
ARIS,17.14,48000162.0,20,2026-03-27,2026-03-28
ARLP,28.99,10118072.0,20,2026-03-27,2026-03-28
ARMK,39.84,97304140.0,20,2026-03-27,2026-03-28
AROC,35.52,63769715.0,20,2026-03-27,2026-03-28
ARQT,21.22,31839199.0,20,2026-03-27,2026-03-28
ARTNA,32.06,4104379.0,20,2026-03-27,2026-03-28
AS,31.43,196626452.0,20,2026-03-27,2026-03-28
ASB,24.87,66529089.0,20,2026-03-27,2026-03-28
ASGN,37.56,42449042.0,20,2026-03-27,2026-03-28
ASH,53.18,35924803.0,20,2026-03-27,2026-03-28
ASIC,19.02,2381222.0,20,2026-03-27,2026-03-28
ASIX,24.06,13794942.0,20,2026-03-27,2026-03-28
ASMB,27.7,2140230.0,20,2026-03-27,2026-03-28
ASO,53.51,98088785.0,20,2026-03-27,2026-03-28
ASTE,52.14,14751390.0,20,2026-03-27,2026-03-28
ASTH,24.19,14009499.0,20,2026-03-27,2026-03-28
ASTS,78.67,1196072100.0,20,2026-03-27,2026-03-28
ATEN,22.34,24214709.0,20,2026-03-27,2026-03-28
ATEX,38.24,11214924.0,20,2026-03-27,2026-03-28
ATLC,52.7,3946449.0,20,2026-03-27,2026-03-28
ATNI,27.83,2819506.0,20,2026-03-27,2026-03-28
ATRC,28.88,17851943.0,20,2026-03-27,2026-03-28
ATRO,64.78,48660468.0,20,2026-03-27,2026-03-28
ATS,28.08,5925918.0,20,2026-03-27,2026-03-28
AUB,34.79,39741536.0,20,2026-03-27,2026-03-28
AUGO,70.07,70114306.0,20,2026-03-27,2026-03-28
AVA,39.94,26420779.0,20,2026-03-27,2026-03-28
AVBH,27.9,2969499.0,20,2026-03-27,2026-03-28
AVBP,21.43,14615886.0,20,2026-03-27,2026-03-28
AVNT,35.55,29493694.0,20,2026-03-27,2026-03-28
AVT,59.73,50111948.0,20,2026-03-27,2026-03-28
AX,82.97,34732814.0,20,2026-03-27,2026-03-28
AXGN,31.28,28061426.0,20,2026-03-27,2026-03-28
AXS,98.91,53997256.0,20,2026-03-27,2026-03-28
AXTA,26.85,94151475.0,20,2026-03-27,2026-03-28
AXTI,60.63,546730115.0,20,2026-03-27,2026-03-28
AZTA,19.9,23201264.0,20,2026-03-27,2026-03-28
B,38.59,646538683.0,20,2026-03-27,2026-03-28
BAC,46.97,2117073319.0,20,2026-03-27,2026-03-28
BAH,78.49,170595723.0,20,2026-03-27,2026-03-28
BALL,59.27,125563942.0,20,2026-03-27,2026-03-28
BAM,43.18,187721751.0,20,2026-03-27,2026-03-28
BANF,106.72,19462085.0,20,2026-03-27,2026-03-28
BATRA,46.19,2608526.0,20,2026-03-27,2026-03-28
BATRK,41.53,13553652.0,20,2026-03-27,2026-03-28
BBIO,69.7,145086698.0,20,2026-03-27,2026-03-28
BBSI,29.36,9831005.0,20,2026-03-27,2026-03-28
BBT,29.25,25242923.0,20,2026-03-27,2026-03-28
BBUC,32.08,6743559.0,20,2026-03-27,2026-03-28
BBY,62.98,382579977.0,20,2026-03-27,2026-03-28
BC,70.95,79141078.0,20,2026-03-27,2026-03-28
BCAL,17.52,3812645.0,20,2026-03-27,2026-03-28
BCAX,18.37,10786594.0,20,2026-03-27,2026-03-28
BCC,74.43,35583568.0,20,2026-03-27,2026-03-28
BCE,25.25,93616566.0,20,2026-03-27,2026-03-28
BCO,100.77,69711698.0,20,2026-03-27,2026-03-28
BEAM,22.19,54038306.0,20,2026-03-27,2026-03-28
BEN,22.75,135569158.0,20,2026-03-27,2026-03-28
BEP,31.74,27895172.0,20,2026-03-27,2026-03-28
BEPC,39.35,60963443.0,20,2026-03-27,2026-03-28
BF.A,27.19,7853379.0,20,2026-03-27,2026-03-28
BF.B,27.19,203161278.0,20,2026-03-27,2026-03-28
BFAM,77.99,68937079.0,20,2026-03-27,2026-03-28
BFH,72.13,46711153.0,20,2026-03-27,2026-03-28
BFS,32.34,1947167.0,20,2026-03-27,2026-03-28
BFST,26.6,5355689.0,20,2026-03-27,2026-03-28
BHB,31.81,6581334.0,20,2026-03-27,2026-03-28
BHE,55.61,23060333.0,20,2026-03-27,2026-03-28
BHF,59.98,44955479.0,20,2026-03-27,2026-03-28
BHRB,60.775,6169344.0,20,2026-03-27,2026-03-28
BILL,37.0,83290327.0,20,2026-03-27,2026-03-28
BIP,34.86,44626062.0,20,2026-03-27,2026-03-28
BIPC,37.76,53904424.0,20,2026-03-27,2026-03-28
BIRK,34.19,84244531.0,20,2026-03-27,2026-03-28
BJ,99.61,210821130.0,20,2026-03-27,2026-03-28
BJRI,34.74,15820386.0,20,2026-03-27,2026-03-28
BKE,49.28,25466182.0,20,2026-03-27,2026-03-28
BKH,68.7,68623488.0,20,2026-03-27,2026-03-28
BKSY,23.29,38136717.0,20,2026-03-27,2026-03-28
BKTI,73.4,4627424.0,20,2026-03-27,2026-03-28
BKV,29.94,40851648.0,20,2026-03-27,2026-03-28
BL,36.05,43597946.0,20,2026-03-27,2026-03-28
BLBD,55.11,19252764.0,20,2026-03-27,2026-03-28
BLFS,18.59,10316556.0,20,2026-03-27,2026-03-28
BLKB,37.7,24571541.0,20,2026-03-27,2026-03-28
BLLN,69.55,24248939.0,20,2026-03-27,2026-03-28
BLSH,34.43,52080321.0,20,2026-03-27,2026-03-28
BLX,49.64,8076182.0,20,2026-03-27,2026-03-28
BMRC,25.31,2348183.0,20,2026-03-27,2026-03-28
BMRN,54.14,117303381.0,20,2026-03-27,2026-03-28
BMY,58.54,821992168.0,20,2026-03-27,2026-03-28
BN,39.0,257732671.0,20,2026-03-27,2026-03-28
BNAI,36.11,46061240.0,20,2026-03-27,2026-03-28
BNL,18.46,35218822.0,20,2026-03-27,2026-03-28
BNS,67.71,151552164.0,20,2026-03-27,2026-03-28
BNT,40.6,1995434.0,20,2026-03-27,2026-03-28
BOH,72.69,33250096.0,20,2026-03-27,2026-03-28
BOX,23.07,70889925.0,20,2026-03-27,2026-03-28
BRC,80.73,18782484.0,20,2026-03-27,2026-03-28
BRO,63.43,230198044.0,20,2026-03-27,2026-03-28
BROS,46.69,195943663.0,20,2026-03-27,2026-03-28
BRX,28.38,77765209.0,20,2026-03-27,2026-03-28
BRZE,23.0,67040877.0,20,2026-03-27,2026-03-28
BSX,69.17,896896267.0,20,2026-03-27,2026-03-28
BSY,34.76,111866764.0,20,2026-03-27,2026-03-28
BTSG,42.33,163915549.0,20,2026-03-27,2026-03-28
BUSE,24.62,17037369.0,20,2026-03-27,2026-03-28
BWA,54.24,151054593.0,20,2026-03-27,2026-03-28
BWFG,47.49,1624225.0,20,2026-03-27,2026-03-28
BWIN,21.09,46668270.0,20,2026-03-27,2026-03-28
BWMN,28.63,6945526.0,20,2026-03-27,2026-03-28
BX,108.07,1262472328.0,20,2026-03-27,2026-03-28
BXC,51.82,6447245.0,20,2026-03-27,2026-03-28
BXMT,18.85,28130191.0,20,2026-03-27,2026-03-28
BXP,51.43,132099020.0,20,2026-03-27,2026-03-28
BXSL,23.51,69475231.0,20,2026-03-27,2026-03-28
BY,30.81,5326673.0,20,2026-03-27,2026-03-28
BYD,80.16,84244284.0,20,2026-03-27,2026-03-28
BZH,19.04,7890978.0,20,2026-03-27,2026-03-28
C,107.38,1747246311.0,20,2026-03-27,2026-03-28
CAAP,24.39,6797610.0,20,2026-03-27,2026-03-28
CABO,95.21,15879848.0,20,2026-03-27,2026-03-28
CAC,46.2,4320471.0,20,2026-03-27,2026-03-28
CAE,25.86,20670351.0,20,2026-03-27,2026-03-28
CAKE,54.07,78050930.0,20,2026-03-27,2026-03-28
CALM,77.12,76768952.0,20,2026-03-27,2026-03-28
CALX,50.28,40787912.0,20,2026-03-27,2026-03-28
CARE,22.88,4582027.0,20,2026-03-27,2026-03-28
CARG,35.01,45797027.0,20,2026-03-27,2026-03-28
CASH,87.97,23542298.0,20,2026-03-27,2026-03-28
CASS,43.39,3025237.0,20,2026-03-27,2026-03-28
CATY,48.85,32664649.0,20,2026-03-27,2026-03-28
CAVA,75.42,265795008.0,20,2026-03-27,2026-03-28
CBAN,19.52,4386562.0,20,2026-03-27,2026-03-28
CBC,23.75,17315391.0,20,2026-03-27,2026-03-28
CBL,37.49,6157809.0,20,2026-03-27,2026-03-28
CBLL,17.77,5471781.0,20,2026-03-27,2026-03-28
CBNK,28.96,1870038.0,20,2026-03-27,2026-03-28
CBRL,26.74,36358379.0,20,2026-03-27,2026-03-28
CBSH,48.07,68429469.0,20,2026-03-27,2026-03-28
CBT,74.11,31738712.0,20,2026-03-27,2026-03-28
CC,21.6,67752318.0,20,2026-03-27,2026-03-28
CCB,73.39,11815538.0,20,2026-03-27,2026-03-28
CCBG,43.02,5574243.0,20,2026-03-27,2026-03-28
CCD,20.61,1887095.0,20,2026-03-27,2026-03-28
CCEP,91.64,191078680.0,20,2026-03-27,2026-03-28
CCI,78.59,253366358.0,20,2026-03-27,2026-03-28
CCJ,103.92,429135990.0,20,2026-03-27,2026-03-28
CCK,99.58,110609308.0,20,2026-03-27,2026-03-28
CCL,24.19,820142917.0,20,2026-03-27,2026-03-28
CCNE,28.37,4774082.0,20,2026-03-27,2026-03-28
CCOI,17.62,24367723.0,20,2026-03-27,2026-03-28
CCS,55.47,17058516.0,20,2026-03-27,2026-03-28
CCSI,24.43,4502788.0,20,2026-03-27,2026-03-28
CDE,17.13,674069839.0,20,2026-03-27,2026-03-28
CDNL,36.3,13127425.0,20,2026-03-27,2026-03-28
CDP,30.61,34049829.0,20,2026-03-27,2026-03-28
CDRE,29.96,17820421.0,20,2026-03-27,2026-03-28
CE,63.41,157190710.0,20,2026-03-27,2026-03-28
CECO,60.95,41259468.0,20,2026-03-27,2026-03-28
CELC,106.02,87290179.0,20,2026-03-27,2026-03-28
CELH,33.94,290811823.0,20,2026-03-27,2026-03-28
CENT,37.02,3977259.0,20,2026-03-27,2026-03-28
CENTA,32.49,10422786.0,20,2026-03-27,2026-03-28
CENX,49.65,129290437.0,20,2026-03-27,2026-03-28
CEVA,18.22,7355288.0,20,2026-03-27,2026-03-28
CFG,57.78,299696684.0,20,2026-03-27,2026-03-28
CG,45.67,165475561.0,20,2026-03-27,2026-03-28
CGNX,47.59,99843825.0,20,2026-03-27,2026-03-28
CGON,64.62,104203030.0,20,2026-03-27,2026-03-28
CHD,94.69,212635016.0,20,2026-03-27,2026-03-28
CHDN,84.52,93473981.0,20,2026-03-27,2026-03-28
CHEF,59.52,32300199.0,20,2026-03-27,2026-03-28
CHH,100.62,59862315.0,20,2026-03-27,2026-03-28
CHWY,26.12,237993767.0,20,2026-03-27,2026-03-28
CIGI,99.855,41428212.0,20,2026-03-27,2026-03-28
CIVB,22.33,2092042.0,20,2026-03-27,2026-03-28
CL,84.29,608733217.0,20,2026-03-27,2026-03-28
CLB,17.61,6700154.0,20,2026-03-27,2026-03-28
CLBK,17.23,5132646.0,20,2026-03-27,2026-03-28
CLDX,30.3,31032462.0,20,2026-03-27,2026-03-28
CLFD,27.66,2960454.0,20,2026-03-27,2026-03-28
CLMB,19.59,6893249.0,20,2026-03-27,2026-03-28
CLMT,32.06,40236210.0,20,2026-03-27,2026-03-28
CLX,102.04,242365919.0,20,2026-03-27,2026-03-28
CM,92.76,155366663.0,20,2026-03-27,2026-03-28
CMC,58.28,91716316.0,20,2026-03-27,2026-03-28
CMCL,22.27,6673505.0,20,2026-03-27,2026-03-28
CMCSA,28.33,1111250863.0,20,2026-03-27,2026-03-28
CMG,30.86,565235148.0,20,2026-03-27,2026-03-28
CMP,23.05,14633586.0,20,2026-03-27,2026-03-28
CMS,76.21,202355325.0,20,2026-03-27,2026-03-28
CMTV,33.62,2341573.0,20,2026-03-27,2026-03-28
CNA,44.88,23326232.0,20,2026-03-27,2026-03-28
CNC,32.0,265123258.0,20,2026-03-27,2026-03-28
CNI,101.43,198157180.0,20,2026-03-27,2026-03-28
CNK,28.06,54038040.0,20,2026-03-27,2026-03-28
CNM,48.15,133918986.0,20,2026-03-27,2026-03-28
CNMD,34.58,16180364.0,20,2026-03-27,2026-03-28
CNO,39.55,27257845.0,20,2026-03-27,2026-03-28
CNOB,26.03,9465645.0,20,2026-03-27,2026-03-28
CNP,42.38,202578205.0,20,2026-03-27,2026-03-28
CNQ,50.09,638323009.0,20,2026-03-27,2026-03-28
CNS,60.83,26241774.0,20,2026-03-27,2026-03-28
CNX,40.58,94935784.0,20,2026-03-27,2026-03-28
CNXC,26.42,53225810.0,20,2026-03-27,2026-03-28
CNXN,57.14,4687076.0,20,2026-03-27,2026-03-28
COCO,46.97,87846080.0,20,2026-03-27,2026-03-28
COFS,27.22,2462812.0,20,2026-03-27,2026-03-28
COGT,36.1,75371336.0,20,2026-03-27,2026-03-28
COLB,26.7,81998977.0,20,2026-03-27,2026-03-28
COLL,32.44,23546232.0,20,2026-03-27,2026-03-28
COLM,54.61,34490154.0,20,2026-03-27,2026-03-28
CON,21.12,17805071.0,20,2026-03-27,2026-03-28
COO,69.77,168505366.0,20,2026-03-27,2026-03-28
COSO,24.09,2470134.0,20,2026-03-27,2026-03-28
CP,78.23,201995269.0,20,2026-03-27,2026-03-28
CPB,21.99,262924461.0,20,2026-03-27,2026-03-28
CPF,31.54,6204818.0,20,2026-03-27,2026-03-28
CPNG,18.09,438416938.0,20,2026-03-27,2026-03-28
CPRI,17.27,54388043.0,20,2026-03-27,2026-03-28
CPRX,23.4,28841236.0,20,2026-03-27,2026-03-28
CPS,28.99,6021182.0,20,2026-03-27,2026-03-28
CPT,96.96,108647952.0,20,2026-03-27,2026-03-28
CQP,64.92,10732543.0,20,2026-03-27,2026-03-28
CRBG,22.3,116577771.0,20,2026-03-27,2026-03-28
CRC,68.87,85271109.0,20,2026-03-27,2026-03-28
CRCL,93.66,2473333792.0,20,2026-03-27,2026-03-28
CRDO,95.24,878179589.0,20,2026-03-27,2026-03-28
CRH,101.74,651961177.0,20,2026-03-27,2026-03-28
CRI,34.82,44184947.0,20,2026-03-27,2026-03-28
CRK,23.43,46113072.0,20,2026-03-27,2026-03-28
CRNX,33.67,45951043.0,20,2026-03-27,2026-03-28
CROX,79.54,101427290.0,20,2026-03-27,2026-03-28
CRSP,45.75,117000593.0,20,2026-03-27,2026-03-28
CRVL,53.49,13612040.0,20,2026-03-27,2026-03-28
CRWV,74.81,1749557082.0,20,2026-03-27,2026-03-28
CSCO,79.92,1920786278.0,20,2026-03-27,2026-03-28
CSGP,39.77,268833289.0,20,2026-03-27,2026-03-28
CSGS,80.31,33767878.0,20,2026-03-27,2026-03-28
CSTL,23.53,9504125.0,20,2026-03-27,2026-03-28
CSTM,23.37,59124763.0,20,2026-03-27,2026-03-28
CSV,44.62,4442918.0,20,2026-03-27,2026-03-28
CSWC,21.45,14061444.0,20,2026-03-27,2026-03-28
CSX,39.67,514164688.0,20,2026-03-27,2026-03-28
CTBI,59.92,5642687.0,20,2026-03-27,2026-03-28
CTGO,17.11,9589953.0,20,2026-03-27,2026-03-28
CTO,18.1,5302118.0,20,2026-03-27,2026-03-28
CTRA,36.31,409378584.0,20,2026-03-27,2026-03-28
CTRE,37.13,158833042.0,20,2026-03-27,2026-03-28
CTRI,29.38,43381343.0,20,2026-03-27,2026-03-28
CTRN,42.33,4664157.0,20,2026-03-27,2026-03-28
CTS,47.84,11055553.0,20,2026-03-27,2026-03-28
CTSH,59.73,368033524.0,20,2026-03-27,2026-03-28
CTVA,81.99,339623203.0,20,2026-03-27,2026-03-28
CUBE,35.96,96261851.0,20,2026-03-27,2026-03-28
CUBI,67.66,30107750.0,20,2026-03-27,2026-03-28
CURB,25.6,20303316.0,20,2026-03-27,2026-03-28
CVBF,18.99,28016315.0,20,2026-03-27,2026-03-28
CVE,26.82,444669463.0,20,2026-03-27,2026-03-28
CVEO,27.09,2064118.0,20,2026-03-27,2026-03-28
CVI,34.83,48932533.0,20,2026-03-27,2026-03-28
CVLG,26.58,3665951.0,20,2026-03-27,2026-03-28
CVLT,76.08,90716349.0,20,2026-03-27,2026-03-28
CVS,70.08,586697434.0,20,2026-03-27,2026-03-28
CWAN,23.49,106993192.0,20,2026-03-27,2026-03-28
CWBC,22.63,2953563.0,20,2026-03-27,2026-03-28
CWCO,32.09,6793792.0,20,2026-03-27,2026-03-28
CWEN,39.11,33383093.0,20,2026-03-27,2026-03-28
CWEN.A,38.93,13105402.0,20,2026-03-27,2026-03-28
CWST,74.97,77719896.0,20,2026-03-27,2026-03-28
CWT,45.01,22042489.0,20,2026-03-27,2026-03-28
CXT,41.15,32937195.0,20,2026-03-27,2026-03-28
CYD,37.3,8323946.0,20,2026-03-27,2026-03-28
CYTK,62.5,129788375.0,20,2026-03-27,2026-03-28
D,60.88,273573234.0,20,2026-03-27,2026-03-28
DAKT,19.25,15126408.0,20,2026-03-27,2026-03-28
DAL,64.83,1002614860.0,20,2026-03-27,2026-03-28
DAN,32.55,49999386.0,20,2026-03-27,2026-03-28
DAWN,21.41,174482638.0,20,2026-03-27,2026-03-28
DB,28.37,127768458.0,20,2026-03-27,2026-03-28
DBD,75.01,20258638.0,20,2026-03-27,2026-03-28
DBVT,20.0,5954333.0,20,2026-03-27,2026-03-28
DBX,22.15,90668399.0,20,2026-03-27,2026-03-28
DCI,83.87,65595882.0,20,2026-03-27,2026-03-28
DCOM,32.88,8996607.0,20,2026-03-27,2026-03-28
DD,45.26,198350305.0,20,2026-03-27,2026-03-28
DEA,21.41,10535294.0,20,2026-03-27,2026-03-28
DEC,18.16,27124935.0,20,2026-03-27,2026-03-28
DECK,94.05,232622488.0,20,2026-03-27,2026-03-28
DFIN,45.76,13231178.0,20,2026-03-27,2026-03-28
DFTX,17.88,32085112.0,20,2026-03-27,2026-03-28
DGII,47.47,14112726.0,20,2026-03-27,2026-03-28
DHCNL,17.5,1842515.0,20,2026-03-27,2026-03-28
DHT,18.1,122003169.0,20,2026-03-27,2026-03-28
DIN,25.18,10894296.0,20,2026-03-27,2026-03-28
DINO,63.74,193257425.0,20,2026-03-27,2026-03-28
DIOD,68.2,35252879.0,20,2026-03-27,2026-03-28
DIS,92.42,1174337002.0,20,2026-03-27,2026-03-28
DK,47.43,78204503.0,20,2026-03-27,2026-03-28
DKL,53.12,3643026.0,20,2026-03-27,2026-03-28
DKNG,20.72,367358409.0,20,2026-03-27,2026-03-28
DLB,58.03,40934477.0,20,2026-03-27,2026-03-28
DLX,26.99,10432138.0,20,2026-03-27,2026-03-28
DMLP,28.05,5061688.0,20,2026-03-27,2026-03-28
DMRA,25.5,7688080.0,14,2026-03-27,2026-03-28
DNLI,18.16,40485677.0,20,2026-03-27,2026-03-28
DNTH,81.13,123001856.0,20,2026-03-27,2026-03-28
DOCN,81.42,320349614.0,20,2026-03-27,2026-03-28
DOCS,23.69,62572435.0,20,2026-03-27,2026-03-28
DOO,66.25,19268433.0,20,2026-03-27,2026-03-28
DORM,104.56,34043893.0,20,2026-03-27,2026-03-28
DOX,64.32,81738761.0,20,2026-03-27,2026-03-28
DRS,44.84,54511340.0,20,2026-03-27,2026-03-28
DRUG,70.1,10511536.0,20,2026-03-27,2026-03-28
DSGX,69.62,48149715.0,20,2026-03-27,2026-03-28
DT,35.91,304452452.0,20,2026-03-27,2026-03-28
DUOL,95.35,230798479.0,20,2026-03-27,2026-03-28
DVN,52.07,914002769.0,20,2026-03-27,2026-03-28
DXCM,62.25,277802398.0,20,2026-03-27,2026-03-28
DYN,17.14,48713867.0,20,2026-03-27,2026-03-28
EBAY,87.98,457916716.0,20,2026-03-27,2026-03-28
EBC,19.01,39450604.0,20,2026-03-27,2026-03-28
EBF,21.32,3631246.0,20,2026-03-27,2026-03-28
ECO,49.9,28956677.0,20,2026-03-27,2026-03-28
ECPG,68.87,22518437.0,20,2026-03-27,2026-03-28
EE,33.46,21152296.0,20,2026-03-27,2026-03-28
EEFT,65.08,45020313.0,20,2026-03-27,2026-03-28
EFSC,53.31,16268788.0,20,2026-03-27,2026-03-28
EFXT,21.55,16951935.0,20,2026-03-27,2026-03-28
EGBN,24.51,7835818.0,20,2026-03-27,2026-03-28
EGO,33.8,92928755.0,20,2026-03-27,2026-03-28
EHC,97.57,92306463.0,20,2026-03-27,2026-03-28
EIG,40.36,10989076.0,20,2026-03-27,2026-03-28
EIX,70.3,259752930.0,20,2026-03-27,2026-03-28
EL,67.23,460068641.0,20,2026-03-27,2026-03-28
ELAN,23.13,138694802.0,20,2026-03-27,2026-03-28
ELE,17.41,8875025.0,20,2026-03-27,2026-03-28
ELF,61.05,165223569.0,20,2026-03-27,2026-03-28
ELS,62.11,104872985.0,20,2026-03-27,2026-03-28
ELVN,38.83,47988860.0,20,2026-03-27,2026-03-28
EMA,51.38,20332151.0,20,2026-03-27,2026-03-28
EMN,71.2,126543237.0,20,2026-03-27,2026-03-28
EMPG,17.36,7329444.0,20,2025-10-08,2026-03-28
ENB,54.58,247510088.0,20,2026-03-27,2026-03-28
ENLT,65.99,14209300.0,20,2026-03-27,2026-03-28
ENOV,21.82,22661709.0,20,2026-03-27,2026-03-28
ENPH,37.84,208977907.0,20,2026-03-27,2026-03-28
EPAC,34.34,15260592.0,20,2026-03-27,2026-03-28
EPC,21.02,17450152.0,20,2026-03-27,2026-03-28
EPD,39.28,148294483.0,20,2026-03-27,2026-03-28
EQBK,43.71,5659437.0,20,2026-03-27,2026-03-28
EQH,35.34,143523882.0,20,2026-03-27,2026-03-28
EQPT,20.05,32962017.0,20,2026-03-27,2026-03-28
EQT,67.55,574132791.0,20,2026-03-27,2026-03-28
ERO,25.05,33012988.0,20,2026-03-27,2026-03-28
ES,67.59,194033751.0,20,2026-03-27,2026-03-28
ESAB,91.58,62212735.0,20,2026-03-27,2026-03-28
ESEA,60.81,5886337.0,20,2026-03-27,2026-03-28
ESI,33.36,97763377.0,20,2026-03-27,2026-03-28
ESNT,57.74,44744889.0,20,2026-03-27,2026-03-28
ESQ,106.52,10079005.0,20,2026-03-27,2026-03-28
ESTA,55.31,34567653.0,20,2026-03-27,2026-03-28
ESTC,48.52,125217812.0,20,2026-03-27,2026-03-28
ET,19.67,282740739.0,20,2026-03-27,2026-03-28
ETD,22.16,8460499.0,20,2026-03-27,2026-03-28
ETON,23.24,8359770.0,20,2026-03-27,2026-03-28
ETSY,47.31,153369240.0,20,2026-03-27,2026-03-28
EVMN,22.18,7584834.0,20,2026-03-27,2026-03-28
EVRG,80.85,175075037.0,20,2026-03-27,2026-03-28
EVTC,27.28,15049339.0,20,2026-03-27,2026-03-28
EWBC,103.96,142303788.0,20,2026-03-27,2026-03-28
EWTX,30.84,26542218.0,20,2026-03-27,2026-03-28
EXAS,104.91,324928191.0,20,2026-03-20,2026-03-28
EXC,48.32,455262293.0,20,2026-03-27,2026-03-28
EXEL,41.53,129172913.0,20,2026-03-27,2026-03-28
EXLS,29.84,67048888.0,20,2026-03-27,2026-03-28
EXPO,64.47,35950383.0,20,2026-03-27,2026-03-28
EYE,25.14,40101335.0,20,2026-03-27,2026-03-28
FAF,58.47,68877520.0,20,2026-03-27,2026-03-28
FAST,44.95,373907641.0,20,2026-03-27,2026-03-28
FBIN,38.17,139116045.0,20,2026-03-27,2026-03-28
FBK,51.21,17920515.0,20,2026-03-27,2026-03-28
FBNC,55.19,12840545.0,20,2026-03-27,2026-03-28
FBP,20.86,36261933.0,20,2026-03-27,2026-03-28
FBRX,25.5,5868517.0,20,2026-03-27,2026-03-28
FCBC,41.19,3675673.0,20,2026-03-27,2026-03-28
FCCO,28.53,2126354.0,20,2026-03-27,2026-03-28
FCF,17.26,20791196.0,20,2026-03-27,2026-03-28
FCNCN,24.48,1982242.0,20,2026-03-27,2026-03-28
FCPT,23.71,17607741.0,20,2026-03-27,2026-03-28
FCX,56.24,1149735449.0,20,2026-03-27,2026-03-28
FDP,41.91,12776757.0,20,2026-03-27,2026-03-28
FE,50.03,226043947.0,20,2026-03-27,2026-03-28
FEIM,43.43,9982409.0,20,2026-03-27,2026-03-28
FELE,90.45,26544748.0,20,2026-03-27,2026-03-28
FET,61.92,12568126.0,20,2026-03-27,2026-03-28
FFBC,27.25,24059418.0,20,2026-03-27,2026-03-28
FFIN,28.99,27821105.0,20,2026-03-27,2026-03-28
FG,24.2,15791527.0,20,2026-03-27,2026-03-28
FHB,24.17,37966700.0,20,2026-03-27,2026-03-28
FHI,56.0,48280224.0,20,2026-03-27,2026-03-28
FHN,22.13,132327106.0,20,2026-03-27,2026-03-28
FIBK,32.81,42420635.0,20,2026-03-27,2026-03-28
FIG,20.19,335358735.0,20,2026-03-27,2026-03-28
FIHL,18.75,8676041.0,20,2026-03-27,2026-03-28
FIS,46.89,303761556.0,20,2026-03-27,2026-03-28
FISI,30.89,4256594.0,20,2026-03-27,2026-03-28
FISV,53.9,367755608.0,20,2026-03-27,2026-03-28
FITB,44.54,490481034.0,20,2026-03-27,2026-03-28
FLEX,64.8,220094158.0,20,2026-03-27,2026-03-28
FLNG,30.19,27158656.0,20,2026-03-27,2026-03-28
FLOC,21.0,18625400.0,20,2026-03-27,2026-03-28
FLS,72.15,131568368.0,20,2026-03-27,2026-03-28
FLUT,100.5,374242926.0,20,2026-03-27,2026-03-28
FLXS,45.83,1591633.0,20,2026-03-27,2026-03-28
FLY,23.705,123621019.0,20,2026-03-27,2026-03-28
FMBH,40.12,5471746.0,20,2026-03-27,2026-03-28
FND,50.27,141098442.0,20,2026-03-27,2026-03-28
FNF,45.68,112848436.0,20,2026-03-27,2026-03-28
FORM,97.93,133651777.0,20,2026-03-27,2026-03-28
FOX,53.38,102215668.0,20,2026-03-27,2026-03-28
FOXA,59.11,228309965.0,20,2026-03-27,2026-03-28
FPS,30.64,130132089.0,20,2026-03-27,2026-03-28
FRME,37.85,17649374.0,20,2026-03-27,2026-03-28
FRO,33.65,181488028.0,20,2026-03-27,2026-03-28
FROG,43.335,134426164.0,20,2026-03-27,2026-03-28
FRPH,21.6,1790672.0,20,2026-03-27,2026-03-28
FRPT,55.93,137144461.0,20,2026-03-27,2026-03-28
FSBC,37.11,3200987.0,20,2026-03-27,2026-03-28
FSLY,27.43,312637863.0,20,2026-03-27,2026-03-28
FSS,106.47,60084781.0,20,2026-03-27,2026-03-28
FSUN,36.06,5582322.0,20,2026-03-27,2026-03-28
FTI,71.19,301009897.0,20,2026-03-27,2026-03-28
FTK,17.42,5698290.0,20,2026-03-27,2026-03-28
FTNT,78.2,502255765.0,20,2026-03-27,2026-03-28
FTS,55.66,46051873.0,20,2026-03-27,2026-03-28
FTV,53.92,186292921.0,20,2026-03-27,2026-03-28
FUL,59.17,40078331.0,20,2026-03-27,2026-03-28
FULT,19.68,43504529.0,20,2026-03-27,2026-03-28
FWONA,75.11,14834064.0,20,2026-03-27,2026-03-28
FWONK,81.63,195330850.0,20,2026-03-27,2026-03-28
FXNC,26.4,1773153.0,20,2026-03-27,2026-03-28
G,36.58,80224256.0,20,2026-03-27,2026-03-28
GABC,41.19,9031675.0,20,2026-03-27,2026-03-28
GAP,24.74,245715673.0,20,2026-03-27,2026-03-28
GBCI,43.47,47446469.0,20,2026-03-27,2026-03-28
GBFH,25.9,2287249.0,20,2026-03-27,2026-03-28
GBX,51.11,15549665.0,20,2026-03-27,2026-03-28
GCO,27.97,6797223.0,20,2026-03-27,2026-03-28
GCT,41.59,27621243.0,20,2026-03-27,2026-03-28
GDDY,79.97,200324906.0,20,2026-03-27,2026-03-28
GDEN,25.91,3827457.0,20,2026-03-27,2026-03-28
GEF,66.37,17779018.0,20,2026-03-27,2026-03-28
GEF.B,84.86,2331111.0,20,2026-03-27,2026-03-28
GEHC,69.23,283094182.0,20,2026-03-27,2026-03-28
GEL,17.78,4966849.0,20,2026-03-27,2026-03-28
GEN,18.34,155975296.0,20,2026-03-27,2026-03-28
GFF,70.52,25193856.0,20,2026-03-27,2026-03-28
GFL,38.96,66299049.0,20,2026-03-27,2026-03-28
GFS,42.94,196537904.0,20,2026-03-27,2026-03-28
GGG,83.76,88812223.0,20,2026-03-27,2026-03-28
GH,84.61,155022224.0,20,2026-03-27,2026-03-28
GHM,78.13,9720350.0,20,2026-03-27,2026-03-28
GIB,71.05,31657233.0,20,2026-03-27,2026-03-28
GIC,31.09,3690437.0,20,2026-03-27,2026-03-28
GIII,26.55,20755642.0,20,2026-03-27,2026-03-28
GIL,54.43,103976278.0,20,2026-03-27,2026-03-28
GIS,36.45,416071520.0,20,2026-03-27,2026-03-28
GKOS,103.18,77745680.0,20,2026-03-27,2026-03-28
GLBE,28.93,35924047.0,20,2026-03-27,2026-03-28
GLIBK,36.78,15347277.0,20,2026-03-27,2026-03-28
GLNG,55.03,171537006.0,20,2026-03-27,2026-03-28
GLOB,44.52,59496572.0,20,2026-03-27,2026-03-28
GLP,44.37,2335891.0,20,2026-03-27,2026-03-28
GLPI,43.93,107912290.0,20,2026-03-27,2026-03-28
GLSI,22.33,4999204.0,20,2026-03-27,2026-03-28
GLXY,18.0,113542026.0,20,2026-03-27,2026-03-28
GM,72.98,618296105.0,20,2026-03-27,2026-03-28
GME,22.1,129567359.0,20,2026-03-27,2026-03-28
GMED,83.78,84676336.0,20,2026-03-27,2026-03-28
GNK,22.34,13574021.0,20,2026-03-27,2026-03-28
GNTX,21.72,44486770.0,20,2026-03-27,2026-03-28
GOLD,39.42,30705886.0,20,2026-03-27,2026-03-28
GOLF,92.16,37796966.0,20,2026-03-27,2026-03-28
GPC,105.02,232575103.0,20,2026-03-27,2026-03-28
GPN,65.9,263958161.0,20,2026-03-27,2026-03-28
GRAL,48.49,48211660.0,20,2026-03-27,2026-03-28
GRBK,61.9,14361597.0,20,2026-03-27,2026-03-28
GRC,61.42,10727861.0,20,2026-03-27,2026-03-28
GRDN,34.16,19378912.0,20,2026-03-27,2026-03-28
GSAT,64.16,47765354.0,20,2026-03-27,2026-03-28
GSBC,62.1,4357119.0,20,2026-03-27,2026-03-28
GSHD,41.1,20781642.0,20,2026-03-27,2026-03-28
GSL,36.65,18790100.0,20,2026-03-27,2026-03-28
GTES,22.11,58052006.0,20,2026-03-27,2026-03-28
GTLB,20.35,173612830.0,20,2026-03-27,2026-03-28
GTX,17.76,41134477.0,20,2026-03-27,2026-03-28
GTY,31.75,17273728.0,20,2026-03-27,2026-03-28
GXO,49.64,69573181.0,20,2026-03-27,2026-03-28
HAE,54.04,49769642.0,20,2026-03-27,2026-03-28
HAFC,25.91,8570447.0,20,2026-03-27,2026-03-28
HAL,40.42,681652944.0,20,2026-03-27,2026-03-28
HALO,61.63,103342296.0,20,2026-03-27,2026-03-28
HAS,88.59,142640463.0,20,2026-03-27,2026-03-28
HASI,36.33,32705015.0,20,2026-03-27,2026-03-28
HBCP,60.09,7359504.0,20,2026-03-27,2026-03-28
HBM,19.48,126044718.0,20,2026-03-27,2026-03-28
HBT,26.52,2463410.0,20,2026-03-27,2026-03-28
HCC,99.16,77838048.0,20,2026-03-27,2026-03-28
HCSG,18.49,13372867.0,20,2026-03-27,2026-03-28
HESM,39.79,54203359.0,20,2026-03-27,2026-03-28
HFWA,25.17,9292682.0,20,2026-03-27,2026-03-28
HG,28.61,15164515.0,20,2026-03-27,2026-03-28
HGV,37.88,30455554.0,20,2026-03-27,2026-03-28
HHH,62.3,40842416.0,20,2026-03-27,2026-03-28
HIMS,19.38,1037210060.0,20,2026-03-27,2026-03-28
HIPO,25.31,3196889.0,20,2026-03-27,2026-03-28
HL,17.93,386045766.0,20,2026-03-27,2026-03-28
HLIO,64.44,27493056.0,20,2026-03-27,2026-03-28
HLNE,94.77,84067191.0,20,2026-03-27,2026-03-28
HMN,42.3,12286554.0,20,2026-03-27,2026-03-28
HNGE,36.25,47112015.0,20,2026-03-27,2026-03-28
HNI,34.38,38989215.0,20,2026-03-27,2026-03-28
HNRG,17.57,17846164.0,20,2026-03-27,2026-03-28
HOG,19.47,76206340.0,20,2026-03-27,2026-03-28
HOLX,75.67,256893541.0,20,2026-03-27,2026-03-28
HOMB,26.43,41772862.0,20,2026-03-27,2026-03-28
HOOD,66.02,2044463478.0,20,2026-03-27,2026-03-28
HOV,106.81,11657803.0,20,2026-03-27,2026-03-28
HP,36.15,54994011.0,20,2026-03-27,2026-03-28
HPE,23.94,482898017.0,20,2026-03-27,2026-03-28
HPQ,19.44,355796935.0,20,2026-03-27,2026-03-28
HQY,82.51,77205010.0,20,2026-03-27,2026-03-28
HRB,31.21,70728413.0,20,2026-03-27,2026-03-28
HRI,100.34,69811009.0,20,2026-03-27,2026-03-28
HRL,23.07,97816253.0,20,2026-03-27,2026-03-28
HRMY,26.54,20479536.0,20,2026-03-27,2026-03-28
HRTG,25.81,8635719.0,20,2026-03-27,2026-03-28
HSAI,18.44,48877108.0,20,2026-03-27,2026-03-28
HSIC,72.1,97026983.0,20,2026-03-27,2026-03-28
HST,18.84,179302236.0,20,2026-03-27,2026-03-28
HSTM,21.1,7537452.0,20,2026-03-27,2026-03-28
HTB,42.05,3851907.0,20,2026-03-27,2026-03-28
HTFL,24.69,39238690.0,20,2026-03-27,2026-03-28
HTH,35.2,14297134.0,20,2026-03-27,2026-03-28
HTO,57.97,45112187.0,20,2026-03-27,2026-03-28
HUBG,35.38,32550029.0,20,2026-03-27,2026-03-28
HUT,47.405,209168694.0,20,2026-03-27,2026-03-28
HVT,21.3,3463333.0,20,2026-03-27,2026-03-28
HWC,62.26,61568957.0,20,2026-03-27,2026-03-28
HXL,79.38,109857244.0,20,2026-03-27,2026-03-28
HY,32.23,3804866.0,20,2026-03-27,2026-03-28
HYMC,33.05,165830528.0,20,2026-03-27,2026-03-28
HZO,25.79,11714998.0,20,2026-03-27,2026-03-28
IAC,38.85,41554639.0,20,2026-03-27,2026-03-28
IAG,17.74,161271472.0,20,2026-03-27,2026-03-28
IBCP,32.41,7411448.0,20,2026-03-27,2026-03-28
IBEX,26.4,3897220.0,20,2026-03-27,2026-03-28
IBOC,67.36,36188785.0,20,2026-03-27,2026-03-28
IBTA,28.98,9093449.0,20,2026-03-27,2026-03-28
ICFI,64.77,22313715.0,20,2026-03-27,2026-03-28
IDT,47.42,8664685.0,20,2026-03-27,2026-03-28
IDYA,30.46,32225315.0,20,2026-03-27,2026-03-28
IFF,71.01,138206726.0,20,2026-03-27,2026-03-28
IFS,47.63,11595200.0,20,2026-03-27,2026-03-28
IGIC,23.16,1635506.0,20,2026-03-27,2026-03-28
IIIN,32.99,5707857.0,20,2026-03-27,2026-03-28
IIIV,22.21,6811927.0,20,2026-03-27,2026-03-28
IMAX,36.55,38493350.0,20,2026-03-27,2026-03-28
IMKTA,89.0,11649089.0,20,2026-03-27,2026-03-28
IMNM,19.61,29813853.0,20,2026-03-27,2026-03-28
IMVT,23.98,31798958.0,20,2026-03-27,2026-03-28
INBX,58.39,14698243.0,20,2026-03-27,2026-03-28
INCY,90.3,157273492.0,20,2026-03-27,2026-03-28
INDB,73.73,25828329.0,20,2026-03-27,2026-03-28
INDV,28.97,118958863.0,20,2026-03-27,2026-03-28
INGM,22.3,40462385.0,20,2026-03-27,2026-03-28
INOD,37.12,35706794.0,20,2026-03-27,2026-03-28
INSP,50.13,55126435.0,20,2026-03-27,2026-03-28
INTA,24.68,30329474.0,20,2026-03-27,2026-03-28
INTC,43.13,3839137641.0,20,2026-03-27,2026-03-28
INVA,22.66,16357666.0,20,2026-03-27,2026-03-28
INVH,24.47,189742570.0,20,2026-03-27,2026-03-28
INVX,25.13,17701445.0,20,2026-03-27,2026-03-28
IONQ,27.51,684934326.0,20,2026-03-27,2026-03-28
IONS,72.15,186153878.0,20,2026-03-27,2026-03-28
IOSP,72.2,21687769.0,20,2026-03-27,2026-03-28
IOT,29.75,298262625.0,20,2026-03-27,2026-03-28
IP,35.45,238786095.0,20,2026-03-27,2026-03-28
IPI,46.52,23489228.0,20,2026-03-27,2026-03-28
IRDM,27.96,53833903.0,20,2026-03-27,2026-03-28
IREN,35.09,1338971154.0,20,2026-03-27,2026-03-28
IRM,98.3,151679064.0,20,2026-03-27,2026-03-28
IRMD,97.36,7718980.0,20,2026-03-27,2026-03-28
IRON,60.09,36159680.0,20,2026-03-27,2026-03-28
ISSC,21.5,23209320.0,20,2026-03-27,2026-03-28
ITRI,85.6,94047886.0,20,2026-03-27,2026-03-28
ITRN,50.54,5825444.0,20,2026-03-27,2026-03-28
IVT,30.44,15642503.0,20,2026-03-27,2026-03-28
JAKK,19.67,1837139.0,20,2026-03-27,2026-03-28
JAN,22.88,33704769.0,20,2026-03-27,2026-03-28
JBS,17.03,82998057.0,20,2026-03-27,2026-03-28
JBSS,77.59,4576180.0,20,2026-03-27,2026-03-28
JCAP,18.56,8603488.0,20,2026-03-27,2026-03-28
JEF,39.85,160200469.0,20,2026-03-27,2026-03-28
JHG,51.38,226478756.0,20,2026-03-27,2026-03-28
JHX,18.02,129508488.0,20,2026-03-27,2026-03-28
JJSF,79.84,20892206.0,20,2026-03-27,2026-03-28
JOE,61.42,19437870.0,20,2026-03-27,2026-03-28
JOUT,46.8,3106823.0,20,2026-03-27,2026-03-28
JXN,101.4,70944342.0,20,2026-03-27,2026-03-28
KALV,19.33,20340868.0,20,2026-03-27,2026-03-28
KARO,47.53,1898116.0,20,2026-03-27,2026-03-28
KBH,50.91,71772588.0,20,2026-03-27,2026-03-28
KDP,26.23,275189638.0,20,2026-03-27,2026-03-28
KE,24.19,3574608.0,20,2026-03-27,2026-03-28
KEN,80.6,1835359.0,20,2026-03-27,2026-03-28
KEY,19.45,322855895.0,20,2026-03-27,2026-03-28
KFRC,28.36,8878327.0,20,2026-03-27,2026-03-28
KFY,62.35,44969325.0,20,2026-03-27,2026-03-28
KGC,28.74,358006803.0,20,2026-03-27,2026-03-28
KGS,58.47,73162214.0,20,2026-03-27,2026-03-28
KHC,22.04,401957399.0,20,2026-03-27,2026-03-28
KIM,22.22,131539437.0,20,2026-03-27,2026-03-28
KLIC,64.68,38706883.0,20,2026-03-27,2026-03-28
KMB,98.66,500576497.0,20,2026-03-27,2026-03-28
KMI,34.03,489494796.0,20,2026-03-27,2026-03-28
KMT,36.08,65353193.0,20,2026-03-27,2026-03-28
KMTS,19.46,10800766.0,20,2026-03-27,2026-03-28
KMX,40.86,133760433.0,20,2026-03-27,2026-03-28
KN,25.44,15325411.0,20,2026-03-27,2026-03-28
KNF,80.2,66826160.0,20,2026-03-27,2026-03-28
KNSA,45.75,32083030.0,20,2026-03-27,2026-03-28
KNTK,48.58,52766567.0,20,2026-03-27,2026-03-28
KNX,55.55,177851385.0,20,2026-03-27,2026-03-28
KO,75.71,1286783095.0,20,2026-03-27,2026-03-28
KOD,37.0,49401821.0,20,2026-03-27,2026-03-28
KOP,37.92,11821031.0,20,2026-03-27,2026-03-28
KRC,27.98,63184652.0,20,2026-03-27,2026-03-28
KRG,24.15,42590825.0,20,2026-03-27,2026-03-28
KRMN,84.07,215974231.0,20,2026-03-27,2026-03-28
KRUS,66.06,16287805.0,20,2026-03-27,2026-03-28
KTB,66.43,76359579.0,20,2026-03-27,2026-03-28
KTOS,71.94,407804443.0,20,2026-03-27,2026-03-28
KVUE,17.52,433212796.0,20,2026-03-27,2026-03-28
KVYO,18.67,71651055.0,20,2026-03-27,2026-03-28
L,104.06,73191835.0,20,2026-03-27,2026-03-28
LB,72.02,32237711.0,20,2026-03-27,2026-03-28
LBRDA,50.96,9589424.0,20,2026-03-27,2026-03-28
LBRDK,51.04,53207000.0,20,2026-03-27,2026-03-28
LBRX,23.84,6238141.0,20,2026-03-27,2026-03-28
LEGH,19.75,2950426.0,20,2026-03-27,2026-03-28
LEN,90.25,317270932.0,20,2026-03-27,2026-03-28
LEN.B,86.2,6470474.0,20,2026-03-27,2026-03-28
LEVI,18.26,45256438.0,20,2026-03-27,2026-03-28
LGIH,37.73,24235775.0,20,2026-03-27,2026-03-28
LGN,54.75,49633428.0,20,2026-03-27,2026-03-28
LIF,38.6,92901936.0,20,2026-03-27,2026-03-28
LINC,40.91,20693928.0,20,2026-03-27,2026-03-28
LINE,31.8,40392302.0,20,2026-03-27,2026-03-28
LIVN,61.85,56261107.0,20,2026-03-27,2026-03-28
LKFN,56.51,12808034.0,20,2026-03-27,2026-03-28
LKQ,29.18,85063955.0,20,2026-03-27,2026-03-28
LLYVA,86.4,14041930.0,20,2026-03-27,2026-03-28
LLYVK,88.69,37728795.0,20,2026-03-27,2026-03-28
LMAT,106.62,29707240.0,20,2026-03-27,2026-03-28
LMB,80.8,18354699.0,20,2026-03-27,2026-03-28
LMND,60.7,126019296.0,20,2026-03-27,2026-03-28
LNC,34.18,90833190.0,20,2026-03-27,2026-03-28
LNT,70.52,156814724.0,20,2026-03-27,2026-03-28
LNTH,74.47,94268184.0,20,2026-03-27,2026-03-28
LOB,32.09,10176290.0,20,2026-03-27,2026-03-28
LOGI,90.04,95324225.0,20,2026-03-27,2026-03-28
LPG,33.35,22114021.0,20,2026-03-27,2026-03-28
LPX,71.29,63316370.0,20,2026-03-27,2026-03-28
LQDA,35.03,48529404.0,20,2026-03-27,2026-03-28
LQDT,29.49,5535281.0,20,2026-03-27,2026-03-28
LRN,85.61,70984555.0,20,2026-03-27,2026-03-28
LSCC,90.39,166356676.0,20,2026-03-27,2026-03-28
LTC,37.24,15746914.0,20,2026-03-27,2026-03-28
LTH,25.94,105470436.0,20,2026-03-27,2026-03-28
LUV,37.36,419760072.0,20,2026-03-27,2026-03-28
LVS,51.69,210718741.0,20,2026-03-27,2026-03-28
LXP,46.12,30315795.0,20,2026-03-27,2026-03-28
LYB,80.45,728635088.0,20,2026-03-27,2026-03-28
LYEL,19.67,2258442.0,20,2026-03-27,2026-03-28
LYTS,18.53,4667353.0,20,2026-03-27,2026-03-28
LZB,31.94,14926205.0,20,2026-03-27,2026-03-28
M,17.94,176560025.0,20,2026-03-27,2026-03-28
MAC,18.33,34848312.0,20,2026-03-27,2026-03-28
MAIN,51.53,56574059.0,20,2026-03-27,2026-03-28
MAN,28.42,33537674.0,20,2026-03-27,2026-03-28
MANE,65.53,22855128.0,20,2026-03-27,2026-03-28
MAS,59.5,161326872.0,20,2026-03-27,2026-03-28
MAZE,30.38,45606103.0,20,2026-03-27,2026-03-28
MBIN,42.27,10086693.0,20,2026-03-27,2026-03-28
MBWM,49.33,6419953.0,20,2026-03-27,2026-03-28
MBX,28.5,15532684.0,20,2026-03-27,2026-03-28
MC,54.28,87831773.0,20,2026-03-27,2026-03-28
MCB,80.65,12199112.0,20,2026-03-27,2026-03-28
MCBS,28.21,3876819.0,20,2026-03-27,2026-03-28
MCFT,20.84,3447373.0,20,2026-03-27,2026-03-28
MCHP,62.0,580095909.0,20,2026-03-27,2026-03-28
MCHPP,55.425,15780268.0,20,2026-03-27,2026-03-28
MCRI,93.98,12985816.0,20,2026-03-27,2026-03-28
MCTA,29.355,15282049.0,16,2025-11-11,2026-03-28
MCY,86.02,24340028.0,20,2026-03-27,2026-03-28
MD,20.5,18613510.0,20,2026-03-27,2026-03-28
MDA,24.82,30268994.0,12,2026-03-27,2026-03-28
MDLN,41.36,374810267.0,20,2026-03-27,2026-03-28
MDT,87.14,754849836.0,20,2026-03-27,2026-03-28
MEC,17.7,3768061.0,20,2026-03-27,2026-03-28
MEG,21.12,9173375.0,20,2026-03-27,2026-03-28
MEOH,65.22,116243615.0,20,2026-03-27,2026-03-28
MET,67.7,285156135.0,20,2026-03-27,2026-03-28
MFC,33.63,82126523.0,20,2026-03-27,2026-03-28
MGA,54.38,107954953.0,20,2026-03-27,2026-03-28
MGEE,76.16,20100241.0,20,2026-03-27,2026-03-28
MGM,36.32,184616223.0,20,2026-03-27,2026-03-28
MGPI,18.6,6276551.0,20,2026-03-27,2026-03-28
MGRC,110.0,16624447.0,20,2026-03-27,2026-03-28
MGY,32.36,96967171.0,20,2026-03-27,2026-03-28
MHK,96.26,125425638.0,20,2026-03-27,2026-03-28
MIAX,37.31,53566496.0,20,2026-03-27,2026-03-28
MIRM,88.44,84933933.0,20,2026-03-27,2026-03-28
MKC,53.07,210347942.0,20,2026-03-27,2026-03-28
MLAB,82.07,11829275.0,20,2026-03-27,2026-03-28
MLI,108.45,83891058.0,20,2026-03-27,2026-03-28
MLTX,17.32,13840085.0,20,2026-03-27,2026-03-28
MLYS,23.68,36161857.0,20,2026-03-27,2026-03-28
MMI,25.71,8090674.0,20,2026-03-27,2026-03-28
MMS,65.09,50423360.0,20,2026-03-27,2026-03-28
MMSI,68.73,63928033.0,20,2026-03-27,2026-03-28
MMYT,36.3,76109890.0,20,2026-03-27,2026-03-28
MNDY,66.47,115359217.0,20,2026-03-27,2026-03-28
MNST,71.83,442697365.0,20,2026-03-27,2026-03-28
MO,66.48,684158549.0,20,2026-03-27,2026-03-28
MOS,25.0,353155724.0,20,2026-03-27,2026-03-28
MOV,24.05,4021157.0,20,2026-03-27,2026-03-28
MP,51.8,314711187.0,20,2026-03-27,2026-03-28
MPB,31.35,4742166.0,20,2026-03-27,2026-03-28
MPLT,18.55,4107337.0,20,2026-03-27,2026-03-28
MPLX,58.13,87188945.0,20,2026-03-27,2026-03-28
MPTI,69.03,6651270.0,20,2026-03-27,2026-03-28
MRBK,18.79,1609372.0,20,2026-03-27,2026-03-28
MRCY,71.4,54761921.0,20,2026-03-27,2026-03-28
MRNA,49.56,473571857.0,20,2026-03-27,2026-03-28
MRP,28.28,42454766.0,20,2026-03-27,2026-03-28
MRVL,94.88,2079731667.0,20,2026-03-27,2026-03-28
MRX,42.96,39464261.0,20,2026-03-27,2026-03-28
MSB,30.57,1886943.0,20,2026-03-27,2026-03-28
MSBI,21.74,2802035.0,20,2026-03-27,2026-03-28
MSEX,51.8,8415044.0,20,2026-03-27,2026-03-28
MSGE,55.7,19479858.0,20,2026-03-27,2026-03-28
MSM,90.3,62973619.0,20,2026-03-27,2026-03-28
MT,49.62,117682998.0,20,2026-03-27,2026-03-28
MTCH,29.74,244209112.0,20,2026-03-27,2026-03-28
MTG,25.72,50535408.0,20,2026-03-27,2026-03-28
MTH,60.0,69597618.0,20,2026-03-27,2026-03-28
MTX,70.52,16563472.0,20,2026-03-27,2026-03-28
MUX,19.24,25901690.0,20,2026-03-27,2026-03-28
MWA,27.04,29300517.0,20,2026-03-27,2026-03-28
MWH,28.2,23145751.0,20,2026-03-27,2026-03-28
MXL,17.0,17704453.0,20,2026-03-27,2026-03-28
MYE,20.71,6347417.0,20,2026-03-27,2026-03-28
NAMS,29.98,28401583.0,20,2026-03-27,2026-03-28
NATH,100.68,2786723.0,20,2026-03-27,2026-03-28
NATL,42.92,65160876.0,20,2026-03-27,2026-03-28
NBBK,20.4,6219450.0,20,2026-03-27,2026-03-28
NBHC,37.94,30122336.0,20,2026-03-27,2026-03-28
NBIS,100.82,1975871185.0,20,2026-03-27,2026-03-28
NBN,108.8,13348706.0,20,2026-03-27,2026-03-28
NBTB,41.86,10546764.0,20,2026-03-27,2026-03-28
NCLH,18.49,482140651.0,20,2026-03-27,2026-03-28
NCSM,73.0,2356946.0,20,2026-03-27,2026-03-28
NDAQ,81.48,291352743.0,20,2026-03-27,2026-03-28
NE,49.81,83593777.0,20,2026-03-27,2026-03-28
NEE,91.4,874688603.0,20,2026-03-27,2026-03-28
NEGG,40.58,2351116.0,20,2026-03-27,2026-03-28
NEM,102.1,1318715399.0,20,2026-03-27,2026-03-28
NFG,95.29,80019755.0,20,2026-03-27,2026-03-28
NFLX,93.43,4112053427.0,20,2026-03-27,2026-03-28
NGNE,20.35,3896251.0,20,2026-03-27,2026-03-28
NGS,39.81,5154967.0,20,2026-03-27,2026-03-28
NGVC,25.97,3604230.0,20,2026-03-27,2026-03-28
NGVT,70.57,26929472.0,20,2026-03-27,2026-03-28
NHI,82.2,29559401.0,20,2026-03-27,2026-03-28
NI,45.97,162362929.0,20,2026-03-27,2026-03-28
NKE,51.37,868129734.0,20,2026-03-27,2026-03-28
NLY,20.77,200688812.0,20,2026-03-27,2026-03-28
NMIH,36.86,17810946.0,20,2026-03-27,2026-03-28
NMM,65.26,14065545.0,20,2026-03-27,2026-03-28
NN,17.87,27115988.0,20,2026-03-27,2026-03-28
NNE,20.29,42573783.0,20,2026-03-27,2026-03-28
NNN,41.94,60774321.0,20,2026-03-27,2026-03-28
NOG,30.82,99824847.0,20,2026-03-27,2026-03-28
NOV,19.88,96484882.0,20,2026-03-27,2026-03-28
NP,23.03,7934793.0,20,2026-03-27,2026-03-28
NRC,17.13,1917927.0,20,2026-03-27,2026-03-28
NRIM,22.52,3645918.0,20,2026-03-27,2026-03-28
NSA,37.07,115700119.0,20,2026-03-27,2026-03-28
NSIT,65.82,34686662.0,20,2026-03-27,2026-03-28
NSP,26.49,29954989.0,20,2026-03-27,2026-03-28
NSSC,38.31,42537149.0,20,2026-03-27,2026-03-28
NTAP,102.34,234584252.0,20,2026-03-27,2026-03-28
NTB,51.32,9501268.0,20,2026-03-27,2026-03-28
NTCT,31.86,21721491.0,20,2026-03-27,2026-03-28
NTNX,37.61,167488931.0,20,2026-03-27,2026-03-28
NTST,18.65,23150452.0,20,2026-03-27,2026-03-28
NUTX,93.81,22243441.0,20,2026-03-27,2026-03-28
NUVL,96.66,52883974.0,20,2026-03-27,2026-03-28
NVEC,65.46,2251716.0,20,2026-03-27,2026-03-28
NVGS,18.92,12094631.0,20,2026-03-27,2026-03-28
NVRI,18.83,26976664.0,20,2026-03-27,2026-03-28
NVST,24.6,62470583.0,20,2026-03-27,2026-03-28
NWE,65.22,34264900.0,20,2026-03-27,2026-03-28
NWN,52.83,19548208.0,20,2026-03-27,2026-03-28
NWPX,76.52,9858814.0,20,2026-03-27,2026-03-28
NWSA,24.24,92293789.0,20,2026-03-27,2026-03-28
NX,17.43,12008418.0,20,2026-03-27,2026-03-28
NYT,82.79,195102732.0,20,2026-03-27,2026-03-28
O,60.69,403436296.0,20,2026-03-27,2026-03-28
OBK,40.28,6566364.0,20,2026-03-27,2026-03-28
OC,104.56,187928459.0,20,2026-03-27,2026-03-28
OCFC,17.42,12628004.0,20,2026-03-27,2026-03-28
OCS,24.69,10220508.0,20,2026-03-27,2026-03-28
ODC,63.28,4654011.0,20,2026-03-27,2026-03-28
OFG,40.12,17344772.0,20,2026-03-27,2026-03-28
OFLX,29.69,1504030.0,20,2026-03-27,2026-03-28
OGE,47.54,86096321.0,20,2026-03-27,2026-03-28
OGS,84.95,44838807.0,20,2026-03-27,2026-03-28
OHI,44.54,85876447.0,20,2026-03-27,2026-03-28
OII,36.33,44679951.0,20,2026-03-27,2026-03-28
OKE,93.96,469453208.0,20,2026-03-27,2026-03-28
OKLO,50.23,489236235.0,20,2026-03-27,2026-03-28
OKTA,73.23,301626236.0,20,2026-03-27,2026-03-28
OLED,91.87,67272084.0,20,2026-03-27,2026-03-28
OLLI,89.24,165856502.0,20,2026-03-27,2026-03-28
OLN,29.01,82238525.0,20,2026-03-27,2026-03-28
OLP,21.44,1955326.0,20,2026-03-27,2026-03-28
OMC,73.82,381185559.0,20,2026-03-27,2026-03-28
OMCL,32.75,22418625.0,20,2026-03-27,2026-03-28
OMF,51.55,95199020.0,20,2026-03-27,2026-03-28
ON,58.35,437868084.0,20,2026-03-27,2026-03-28
ONB,21.43,76155067.0,20,2026-03-27,2026-03-28
ONIT,37.54,2575625.0,20,2026-03-27,2026-03-28
ONON,32.39,327210269.0,20,2026-03-27,2026-03-28
OPCH,27.27,51937338.0,20,2026-03-27,2026-03-28
OPLN,26.75,27957766.0,20,2026-03-27,2026-03-28
OPY,87.46,3945985.0,20,2026-03-27,2026-03-28
ORI,39.42,81797946.0,20,2026-03-27,2026-03-28
ORKA,44.48,27980834.0,20,2026-03-27,2026-03-28
ORLY,90.11,540790468.0,20,2026-03-27,2026-03-28
ORRF,34.98,7937808.0,20,2026-03-27,2026-03-28
OS,23.98,54815858.0,20,2026-03-27,2026-03-28
OSBC,19.57,8206359.0,20,2026-03-27,2026-03-28
OTEX,21.54,47448189.0,20,2026-03-27,2026-03-28
OTIS,75.95,341283334.0,20,2026-03-27,2026-03-28
OUST,17.66,50315708.0,20,2026-03-27,2026-03-28
OUT,25.65,40798392.0,20,2026-03-27,2026-03-28
OVV,62.08,299502728.0,20,2026-03-27,2026-03-28
OXM,34.66,13068032.0,20,2026-03-27,2026-03-28
OXY,65.32,1272741882.0,20,2026-03-27,2026-03-28
OZK,44.52,66139853.0,20,2026-03-27,2026-03-28
PAA,22.44,91083200.0,20,2026-03-27,2026-03-28
PAAS,51.7,485543412.0,20,2026-03-27,2026-03-28
PACS,30.59,26395530.0,20,2026-03-27,2026-03-28
PAGP,24.46,48323318.0,20,2026-03-27,2026-03-28
PAHC,53.88,16419210.0,20,2026-03-27,2026-03-28
PATK,107.39,34085067.0,20,2026-03-27,2026-03-28
PAY,24.5,14957828.0,20,2026-03-27,2026-03-28
PAYX,91.68,418446459.0,20,2026-03-27,2026-03-28
PB,65.36,85141264.0,20,2026-03-27,2026-03-28
PBA,45.77,74386031.0,20,2026-03-27,2026-03-28
PBF,51.23,211237705.0,20,2026-03-27,2026-03-28
PBH,59.22,29173092.0,20,2026-03-27,2026-03-28
PBT,22.22,2910134.0,20,2026-03-27,2026-03-28
PCG,17.17,437554018.0,20,2026-03-27,2026-03-28
PCRX,22.88,19133143.0,20,2026-03-27,2026-03-28
PCTY,105.39,78456038.0,20,2026-03-27,2026-03-28
PCVX,53.16,74595174.0,20,2026-03-27,2026-03-28
PDFS,33.46,11351476.0,20,2026-03-27,2026-03-28
PDS,100.81,16737046.0,20,2026-03-27,2026-03-28
PEBO,32.05,9123371.0,20,2026-03-27,2026-03-28
PECO,36.81,32002513.0,20,2026-03-27,2026-03-28
PEG,80.71,251069832.0,20,2026-03-27,2026-03-28
PEGA,40.31,90803090.0,20,2026-03-27,2026-03-28
PFBC,89.37,11179406.0,20,2026-03-27,2026-03-28
PFE,27.04,1121512596.0,20,2026-03-27,2026-03-28
PFG,87.01,155490694.0,20,2026-03-27,2026-03-28
PFGC,83.01,137850616.0,20,2026-03-27,2026-03-28
PFIS,52.9,2433322.0,20,2026-03-27,2026-03-28
PFS,20.59,22059936.0,20,2026-03-27,2026-03-28
PFSI,85.47,60906803.0,20,2026-03-27,2026-03-28
PGC,34.71,4461210.0,20,2026-03-27,2026-03-28
PGNY,17.27,29645792.0,20,2026-03-27,2026-03-28
PHG,26.78,28276016.0,20,2026-03-27,2026-03-28
PHIN,67.11,28286147.0,20,2026-03-27,2026-03-28
PHVS,27.35,4116680.0,20,2026-03-27,2026-03-28
PI,98.75,67129954.0,20,2026-03-27,2026-03-28
PII,54.13,56297433.0,20,2026-03-27,2026-03-28
PINE,17.96,3814430.0,20,2026-03-27,2026-03-28
PINS,17.76,400506192.0,20,2026-03-27,2026-03-28
PKBK,28.24,2148468.0,20,2026-03-27,2026-03-28
PKE,27.52,8429928.0,20,2026-03-27,2026-03-28
PKST,20.86,11185105.0,20,2026-03-27,2026-03-28
PL,30.86,497165481.0,20,2026-03-27,2026-03-28
PLAB,39.6,35689065.0,20,2026-03-27,2026-03-28
PLBC,48.1,2163628.0,20,2026-03-27,2026-03-28
PLNT,73.8,129373246.0,20,2026-03-27,2026-03-28
PLSE,20.57,5412534.0,20,2026-03-27,2026-03-28
PLTS,17.5,17469555.0,11,2025-10-03,2026-03-28
PLUS,74.86,14957642.0,20,2026-03-27,2026-03-28
PNFP,82.95,135335816.0,20,2026-03-27,2026-03-28
PNTG,29.84,8920669.0,20,2026-03-27,2026-03-28
POST,95.7,78775001.0,20,2026-03-27,2026-03-28
PPC,36.72,36234320.0,20,2026-03-27,2026-03-28
PPG,103.82,261705159.0,20,2026-03-27,2026-03-28
PPIH,29.34,2388982.0,20,2026-03-27,2026-03-28
PPL,37.65,297903502.0,20,2026-03-27,2026-03-28
PPTA,26.46,49554866.0,20,2026-03-27,2026-03-28
PRA,24.58,17863939.0,20,2026-03-27,2026-03-28
PRCT,26.36,49077191.0,20,2026-03-27,2026-03-28
PRDO,37.23,28511982.0,20,2026-03-27,2026-03-28
PRE,20.5,4270919.0,20,2026-03-27,2026-03-28
PRG,28.51,19050885.0,20,2026-03-27,2026-03-28
PRGS,27.67,30086940.0,20,2026-03-27,2026-03-28
PRKS,29.73,29675030.0,20,2026-03-27,2026-03-28
PRLB,56.04,9709498.0,20,2026-03-27,2026-03-28
PRM,21.34,26788700.0,20,2026-03-27,2026-03-28
PRMB,18.25,103309040.0,20,2026-03-27,2026-03-28
PRVA,20.02,19526191.0,20,2026-03-27,2026-03-28
PSIX,59.64,47548113.0,20,2026-03-27,2026-03-28
PSN,52.51,78617284.0,20,2026-03-27,2026-03-28
PSNY,17.1,3488847.0,20,2026-03-27,2026-03-28
PSTG,58.98,175812522.0,20,2026-03-27,2026-03-28
PSTL,18.25,5318201.0,20,2026-03-27,2026-03-28
PTCT,66.13,81809975.0,20,2026-03-27,2026-03-28
PTGX,98.97,94899129.0,20,2026-03-27,2026-03-28
PVH,66.4,62932301.0,20,2026-03-27,2026-03-28
PWP,17.23,13718445.0,20,2026-03-27,2026-03-28
PXED,30.67,2238287.0,20,2026-03-27,2026-03-28
PYPL,43.59,829657141.0,20,2026-03-27,2026-03-28
PZZA,31.76,59320261.0,20,2026-03-27,2026-03-28
QCRH,83.42,11298859.0,20,2026-03-27,2026-03-28
QGEN,39.07,92884808.0,20,2026-03-27,2026-03-28
QLYS,85.63,60772671.0,20,2026-03-27,2026-03-28
QRVO,77.35,106075075.0,20,2026-03-27,2026-03-28
QTWO,45.42,47978089.0,20,2026-03-27,2026-03-28
QXO,18.96,142154165.0,20,2026-03-27,2026-03-28
RAL,39.92,63380668.0,20,2026-03-27,2026-03-28
RAMP,25.72,22803153.0,20,2026-03-27,2026-03-28
RAPP,27.84,10332488.0,20,2026-03-27,2026-03-28
RARE,19.38,45470122.0,20,2026-03-27,2026-03-28
RBA,94.61,122461197.0,20,2026-03-27,2026-03-28
RBB,20.88,1526440.0,20,2026-03-27,2026-03-28
RBCAA,69.21,4947546.0,20,2026-03-27,2026-03-28
RBLX,52.31,498376242.0,20,2026-03-27,2026-03-28
RBRK,45.73,242464193.0,20,2026-03-27,2026-03-28
RCI,38.49,44724283.0,20,2026-03-27,2026-03-28
RCKY,37.91,2311998.0,20,2026-03-27,2026-03-28
RCUS,20.28,29696021.0,20,2026-03-27,2026-03-28
RDN,32.59,58940476.0,20,2026-03-27,2026-03-28
RDNT,56.15,62026878.0,20,2026-03-27,2026-03-28
RDVT,35.05,5486705.0,20,2026-03-27,2026-03-28
REG,74.3,102832097.0,20,2026-03-27,2026-03-28
REPX,37.17,17183552.0,20,2026-03-27,2026-03-28
REX,47.73,9591365.0,20,2026-03-27,2026-03-28
REYN,20.89,21232158.0,20,2026-03-27,2026-03-28
REZI,33.31,42033902.0,20,2026-03-27,2026-03-28
RF,25.16,419143407.0,20,2026-03-27,2026-03-28
RGC,25.67,3257764.0,20,2026-03-27,2026-03-28
RHI,24.84,80653400.0,20,2026-03-27,2026-03-28
RHP,90.51,44113137.0,20,2026-03-27,2026-03-28
RICK,22.97,2033412.0,20,2026-03-27,2026-03-28
RIGL,25.81,11726690.0,20,2026-03-27,2026-03-28
RKLB,60.93,1558921212.0,20,2026-03-27,2026-03-28
RLI,56.32,41478060.0,20,2026-03-27,2026-03-28
RM,31.36,1737878.0,20,2026-03-27,2026-03-28
RMBS,89.73,173590891.0,20,2026-03-27,2026-03-28
RNG,35.36,78069517.0,20,2026-03-27,2026-03-28
RNST,35.19,27397540.0,20,2026-03-27,2026-03-28
ROAD,109.04,66910298.0,20,2026-03-27,2026-03-28
ROCK,40.39,16369457.0,20,2026-03-27,2026-03-28
ROG,109.33,18397709.0,20,2026-03-27,2026-03-28
ROIV,26.52,178563327.0,20,2026-03-27,2026-03-28
ROL,52.46,164673967.0,20,2026-03-27,2026-03-28
ROOT,43.9,16870191.0,20,2026-03-27,2026-03-28
RPM,97.55,100854395.0,20,2026-03-27,2026-03-28
RPRX,46.35,163302124.0,20,2026-03-27,2026-03-28
RRBI,89.9,6096521.0,20,2026-03-27,2026-03-28
RRC,47.65,167788099.0,20,2026-03-27,2026-03-28
RSI,20.98,34291377.0,20,2026-03-27,2026-03-28
RUSHA,66.08,30852907.0,20,2026-03-27,2026-03-28
RUSHB,63.45,4879686.0,20,2026-03-27,2026-03-28
RVLV,21.92,21461847.0,20,2026-03-27,2026-03-28
RVMD,92.51,183239079.0,20,2026-03-27,2026-03-28
RVTY,83.9,99512349.0,20,2026-03-27,2026-03-28
RYAN,31.74,62689016.0,20,2026-03-27,2026-03-28
RYN,20.31,69656047.0,20,2026-03-27,2026-03-28
RYTM,75.82,92660941.0,20,2026-03-27,2026-03-28
SA,25.92,36303750.0,20,2026-03-27,2026-03-28
SAFT,72.71,6707132.0,20,2026-03-27,2026-03-28
SAH,65.93,25836707.0,20,2026-03-27,2026-03-28
SAIC,97.26,68810216.0,20,2026-03-27,2026-03-28
SARO,25.46,122989110.0,20,2026-03-27,2026-03-28
SBCF,29.36,25777936.0,20,2026-03-27,2026-03-28
SBLK,22.25,46749528.0,20,2026-03-27,2026-03-28
SBRA,19.61,50322922.0,20,2026-03-27,2026-03-28
SBSI,30.4,3916347.0,20,2026-03-27,2026-03-28
SBUX,86.81,829194383.0,20,2026-03-27,2026-03-28
SCHL,38.74,20077157.0,20,2026-03-27,2026-03-28
SCI,81.57,99702223.0,20,2026-03-27,2026-03-28
SCL,49.49,7835716.0,20,2026-03-27,2026-03-28
SCSC,36.05,7859525.0,20,2026-03-27,2026-03-28
SD,17.14,8752964.0,20,2026-03-27,2026-03-28
SDRL,45.41,34977332.0,20,2026-03-27,2026-03-28
SEDG,51.76,159178454.0,20,2026-03-27,2026-03-28
SEE,42.0,128354501.0,20,2026-03-27,2026-03-28
SEG,20.86,1653658.0,20,2026-03-27,2026-03-28
SEI,57.83,159100960.0,20,2026-03-27,2026-03-28
SEIC,75.72,71212217.0,20,2026-03-27,2026-03-28
SEPN,23.87,7791809.0,20,2026-03-27,2026-03-28
SEZL,61.58,42874436.0,20,2026-03-27,2026-03-28
SF,70.93,106312365.0,20,2026-03-27,2026-03-28
SFBS,72.53,32041450.0,20,2026-03-27,2026-03-28
SFD,26.69,40315190.0,20,2026-03-27,2026-03-28
SFM,77.4,212853961.0,20,2026-03-27,2026-03-28
SFNC,18.96,25747910.0,20,2026-03-27,2026-03-28
SFST,53.48,5022997.0,20,2026-03-27,2026-03-28
SGI,70.46,203389850.0,20,2026-03-27,2026-03-28
SGP,22.61,4122894.0,20,2026-03-27,2026-03-28
SHAK,81.32,123223503.0,20,2026-03-27,2026-03-28
SHBI,18.1,4555953.0,20,2026-03-27,2026-03-28
SHOO,33.11,44859537.0,20,2026-03-27,2026-03-28
SIG,84.04,112553593.0,20,2026-03-27,2026-03-28
SIGI,74.68,42654528.0,20,2026-03-27,2026-03-28
SILA,23.26,8416615.0,20,2026-03-27,2026-03-28
SION,36.16,10884458.0,20,2026-03-27,2026-03-28
SIRI,22.84,84346342.0,20,2026-03-27,2026-03-28
SJM,95.24,216785096.0,20,2026-03-27,2026-03-28
SKE,27.62,31027344.0,20,2026-03-27,2026-03-28
SKT,33.74,26524383.0,20,2026-03-27,2026-03-28
SKWD,42.13,23320432.0,20,2026-03-27,2026-03-28
SKY,72.54,47840112.0,20,2026-03-27,2026-03-28
SKYT,27.0,28649817.0,20,2026-03-27,2026-03-28
SLB,53.5,1058285991.0,20,2026-03-27,2026-03-28
SLDE,17.56,47664575.0,20,2026-03-27,2026-03-28
SLF,61.37,39439034.0,20,2026-03-27,2026-03-28
SLG,35.33,53657049.0,20,2026-03-27,2026-03-28
SLGL,79.2,2894275.0,20,2026-03-27,2026-03-28
SLGN,38.08,38510102.0,20,2026-03-27,2026-03-28
SLM,20.36,90963205.0,20,2026-03-27,2026-03-28
SLNO,30.05,56264226.0,20,2026-03-27,2026-03-28
SLVM,40.13,15948480.0,20,2026-03-27,2026-03-28
SM,32.72,191083160.0,20,2026-03-27,2026-03-28
SMA,30.01,39105104.0,20,2026-03-27,2026-03-28
SMBC,62.44,3521148.0,20,2026-03-27,2026-03-28
SMBK,38.29,3031764.0,20,2026-03-27,2026-03-28
SMC,31.13,3419040.0,20,2026-03-27,2026-03-28
SMCI,21.97,1161231827.0,20,2026-03-27,2026-03-28
SMG,60.65,59514922.0,20,2026-03-27,2026-03-28
SMP,35.81,5306766.0,20,2026-03-27,2026-03-28
SMTC,72.16,210861818.0,20,2026-03-27,2026-03-28
SN,102.11,236279835.0,20,2026-03-27,2026-03-28
SNDA,31.65,24465052.0,20,2026-03-27,2026-03-28
SNDX,23.49,34740201.0,20,2026-03-27,2026-03-28
SNEX,78.36,67121460.0,20,2026-03-27,2026-03-28
SNSE,27.68,3420408.0,20,2026-03-27,2026-03-28
SNWV,18.61,1683495.0,20,2026-03-27,2026-03-28
SO,95.55,522832135.0,20,2026-03-27,2026-03-28
SOBO,34.21,31544374.0,20,2026-03-27,2026-03-28
SOC,18.45,129791752.0,20,2026-03-27,2026-03-28
SOLS,75.03,259590445.0,20,2026-03-27,2026-03-28
SOLV,62.76,96185592.0,20,2026-03-27,2026-03-28
SON,53.19,45970852.0,20,2026-03-27,2026-03-28
SPB,73.6,28318439.0,20,2026-03-27,2026-03-28
SPFI,41.27,4530663.0,20,2026-03-27,2026-03-28
SPH,20.38,2238896.0,20,2026-03-27,2026-03-28
SPNT,20.81,13899751.0,20,2026-03-27,2026-03-28
SPRB,63.04,2331329.0,20,2026-03-27,2026-03-28
SPSC,54.49,41974815.0,20,2026-03-27,2026-03-28
SRAD,17.15,49881535.0,20,2026-03-27,2026-03-28
SRCE,68.19,11187652.0,20,2026-03-27,2026-03-28
SRE,95.88,334255568.0,20,2026-03-27,2026-03-28
SRPT,19.97,68099925.0,20,2026-03-27,2026-03-28
SRRK,42.6,76477426.0,20,2026-03-27,2026-03-28
SRZN,28.9,2442633.0,20,2026-03-27,2026-03-28
SSB,89.73,82723537.0,20,2026-03-27,2026-03-28
SSNC,65.42,202476688.0,20,2026-03-27,2026-03-28
SSRM,26.45,124915997.0,20,2026-03-27,2026-03-28
ST,34.79,62896921.0,20,2026-03-27,2026-03-28
STAA,17.89,24427260.0,20,2026-03-27,2026-03-28
STAG,36.09,51243620.0,20,2026-03-27,2026-03-28
STBA,40.94,12443664.0,20,2026-03-27,2026-03-28
STC,59.06,16393606.0,20,2026-03-27,2026-03-28
STEL,35.84,13540121.0,20,2026-03-27,2026-03-28
STEP,45.49,58537995.0,20,2026-03-27,2026-03-28
STM,32.54,294557624.0,20,2026-03-27,2026-03-28
STN,85.36,27575302.0,20,2026-03-27,2026-03-28
STNG,75.71,108825496.0,20,2026-03-27,2026-03-28
STOK,32.85,34631402.0,20,2026-03-27,2026-03-28
STRA,81.46,29296467.0,20,2026-03-27,2026-03-28
STRO,24.43,4938100.0,20,2026-03-27,2026-03-28
STWD,17.04,62018783.0,20,2026-03-27,2026-03-28
SUN,67.01,39768273.0,20,2026-03-27,2026-03-28
SUNB,65.27,437718963.0,20,2026-03-27,2026-03-28
SUNC,62.69,35703519.0,20,2026-03-27,2026-03-28
SUPN,49.52,33184335.0,20,2026-03-27,2026-03-28
SWK,68.82,130220592.0,20,2026-03-27,2026-03-28
SWKS,53.65,179958142.0,20,2026-03-27,2026-03-28
SWX,86.71,47549662.0,20,2026-03-27,2026-03-28
SXT,86.66,25490441.0,20,2026-03-27,2026-03-28
SYBT,63.91,13490928.0,20,2026-03-27,2026-03-28
SYF,65.36,267202254.0,20,2026-03-27,2026-03-28
SYM,50.42,66684266.0,20,2026-03-27,2026-03-28
SYNA,68.71,50716196.0,20,2026-03-27,2026-03-28
SYRE,47.31,35250565.0,20,2026-03-27,2026-03-28
SYY,81.8,263799938.0,20,2026-03-27,2026-03-28
T,29.1,1255545329.0,20,2026-03-27,2026-03-28
TAP,43.4,131865629.0,20,2026-03-27,2026-03-28
TARS,66.25,35041512.0,20,2026-03-27,2026-03-28
TATT,42.2,11446035.0,20,2026-03-27,2026-03-28
TAYD,74.87,2854934.0,20,2026-03-27,2026-03-28
TBBB,34.29,23356031.0,20,2026-03-27,2026-03-28
TBBK,51.48,30608623.0,20,2026-03-27,2026-03-28
TBN,43.4,3255366.0,20,2026-03-27,2026-03-28
TCBI,92.67,46504090.0,20,2026-03-27,2026-03-28
TCBK,46.51,8773224.0,20,2026-03-27,2026-03-28
TCBX,37.19,2781800.0,20,2026-03-27,2026-03-28
TCMD,26.86,8257285.0,20,2026-03-24,2026-03-28
TD,93.53,217789657.0,20,2026-03-24,2026-03-28
TDC,26.11,57924297.0,20,2026-03-24,2026-03-28
TDS,43.06,38471771.0,20,2026-03-24,2026-03-28
TEAM,68.17,506611408.0,20,2026-03-24,2026-03-28
TECH,52.43,128909449.0,20,2026-03-24,2026-03-28
TECK,48.56,278260952.0,20,2026-03-24,2026-03-28
TECX,30.07,10988497.0,20,2026-03-24,2026-03-28
TEM,48.83,264686435.0,20,2026-03-24,2026-03-28
TEN,39.53,28194366.0,20,2026-03-24,2026-03-28
TENB,18.94,54079764.0,20,2026-03-24,2026-03-28
TERN,50.0,118116013.0,20,2026-03-24,2026-03-28
TEX,60.62,98682483.0,20,2026-03-24,2026-03-28
TFC,45.32,459090534.0,20,2026-03-24,2026-03-28
TFII,104.75,47607832.0,20,2026-03-24,2026-03-28
TFIN,58.01,14358079.0,20,2026-03-24,2026-03-28
TFPM,31.95,27262306.0,20,2026-03-24,2026-03-28
TFX,106.56,104580298.0,20,2026-03-24,2026-03-28
TGLS,40.88,32434709.0,20,2026-03-24,2026-03-28
TGTX,30.22,69100154.0,20,2026-03-24,2026-03-28
THFF,62.37,5241552.0,20,2026-03-24,2026-03-28
THO,83.07,88643188.0,20,2026-03-24,2026-03-28
THRM,28.79,7489653.0,20,2026-03-24,2026-03-28
TIGO,75.07,107291570.0,20,2026-03-24,2026-03-28
TILE,25.65,17472147.0,20,2026-03-24,2026-03-28
TMDX,108.92,141276844.0,20,2026-03-24,2026-03-28
TMHC,58.92,69563986.0,20,2026-03-24,2026-03-28
TMP,76.17,5040894.0,20,2026-03-24,2026-03-28
TMUSL,24.21,1636239.0,20,2026-03-24,2026-03-28
TNC,67.44,25596931.0,20,2026-03-24,2026-03-28
TNDM,24.51,55042729.0,20,2026-03-24,2026-03-28
TNET,37.94,21053513.0,20,2026-03-24,2026-03-28
TNGX,19.48,71587021.0,20,2026-03-24,2026-03-28
TNK,72.99,49999021.0,20,2026-03-24,2026-03-28
TNL,70.71,47299461.0,20,2026-03-24,2026-03-28
TOST,26.61,315507670.0,20,2026-03-24,2026-03-28
TOWN,33.32,21375888.0,20,2026-03-24,2026-03-28
TPB,86.83,54949573.0,20,2026-03-24,2026-03-28
TPC,75.25,60248824.0,20,2026-03-24,2026-03-28
TPG,40.1,174582217.0,20,2026-03-24,2026-03-28
TPH,46.7,159550886.0,20,2026-03-24,2026-03-28
TRC,19.07,2220990.0,20,2026-03-24,2026-03-28
TREE,42.23,19933992.0,20,2026-03-24,2026-03-28
TREX,36.72,84094749.0,20,2026-03-24,2026-03-28
TRI,87.4,323143092.0,20,2026-03-24,2026-03-28
TRMB,65.38,131260694.0,20,2026-03-24,2026-03-28
TRMD,28.13,34629019.0,20,2026-03-24,2026-03-28
TRMK,42.065,21731141.0,20,2026-03-24,2026-03-28
TRN,31.29,21957175.0,20,2026-03-24,2026-03-28
TRNO,61.0,40603923.0,20,2026-03-24,2026-03-28
TRNS,72.69,11073538.0,20,2026-03-24,2026-03-28
TRP,64.07,163107958.0,20,2026-03-24,2026-03-28
TRS,36.61,21834762.0,20,2026-03-24,2026-03-28
TRST,43.4,7009370.0,20,2026-03-24,2026-03-28
TRUP,25.57,11567695.0,20,2026-03-24,2026-03-28
TSAT,39.34,6610593.0,20,2026-03-24,2026-03-28
TSCO,45.49,294724991.0,20,2026-03-24,2026-03-28
TSLX,17.75,26081332.0,20,2026-03-24,2026-03-28
TSN,60.89,217143885.0,20,2026-03-24,2026-03-28
TTAN,64.81,108302870.0,20,2026-03-24,2026-03-28
TTC,95.26,111843907.0,20,2026-03-24,2026-03-28
TTD,22.34,678540051.0,20,2026-03-24,2026-03-28
TTE,88.79,213941180.0,20,2026-03-24,2026-03-28
TTEK,31.66,94719750.0,20,2026-03-24,2026-03-28
TTMI,106.99,191604614.0,20,2026-03-24,2026-03-28
TVTX,26.79,35554574.0,20,2026-03-24,2026-03-28
TWFG,18.27,6467243.0,20,2026-03-24,2026-03-28
TWST,47.49,45511520.0,20,2026-03-24,2026-03-28
TXG,19.81,49207680.0,20,2026-03-24,2026-03-28
TXNM,58.5,84478449.0,20,2026-03-24,2026-03-28
TXT,90.58,157109948.0,20,2026-03-24,2026-03-28
TY,31.6,1635261.0,20,2026-03-24,2026-03-28
TYRA,36.315,47367690.0,20,2026-03-24,2026-03-28
UAL,93.56,874780603.0,20,2026-03-24,2026-03-28
UBS,36.99,115920315.0,20,2026-03-24,2026-03-28
UBSI,40.85,44956177.0,20,2026-03-24,2026-03-28
UCB,31.08,30545810.0,20,2026-03-24,2026-03-28
UCTT,65.27,107540248.0,20,2026-03-24,2026-03-28
UE,20.23,22227334.0,20,2026-03-24,2026-03-28
UFCS,37.26,4189724.0,20,2026-03-24,2026-03-28
UFPI,91.13,37457639.0,20,2026-03-24,2026-03-28
UGI,36.54,63609938.0,20,2026-03-24,2026-03-28
UHAL,44.54,11276729.0,20,2026-03-24,2026-03-28
UHAL.B,41.79,19527663.0,20,2026-03-24,2026-03-28
UHT,40.09,3015083.0,20,2026-03-24,2026-03-28
ULS,87.32,61910078.0,20,2026-03-24,2026-03-28
UNFI,41.26,34203571.0,20,2026-03-24,2026-03-28
UNM,73.84,157991683.0,20,2026-03-24,2026-03-28
UNTY,50.71,2472726.0,20,2026-03-24,2026-03-28
UPBD,18.46,17837234.0,20,2026-03-24,2026-03-28
UPS,98.44,793778083.0,20,2026-03-24,2026-03-28
UPST,26.6,146854035.0,20,2026-03-24,2026-03-28
URBN,61.69,145921210.0,20,2026-03-24,2026-03-28
URGN,17.66,18589229.0,20,2026-03-24,2026-03-28
USAC,28.45,7496584.0,20,2026-03-24,2026-03-28
USB,52.14,594360822.0,20,2026-03-24,2026-03-28
USFD,91.13,249639929.0,20,2026-03-24,2026-03-28
USNA,17.01,2747552.0,20,2026-03-24,2026-03-28
USPH,74.7,15153396.0,20,2026-03-24,2026-03-28
UTI,39.11,26668751.0,20,2026-03-24,2026-03-28
UTL,51.61,9733033.0,20,2026-03-24,2026-03-28
UVE,34.87,8149968.0,20,2026-03-24,2026-03-28
UVSP,33.8,5900086.0,20,2026-03-24,2026-03-28
UVV,51.38,11552436.0,20,2026-03-24,2026-03-28
VAC,70.1,51825051.0,20,2026-03-24,2026-03-28
VAL,97.96,103320256.0,20,2026-03-24,2026-03-28
VC,87.73,54094543.0,20,2026-03-24,2026-03-28
VCEL,33.08,21054079.0,20,2026-03-24,2026-03-28
VCYT,32.94,37647142.0,20,2026-03-24,2026-03-28
VECO,34.39,37931958.0,20,2026-03-24,2026-03-28
VEL,17.36,2325493.0,20,2026-03-24,2026-03-28
VERA,39.75,55876945.0,20,2026-03-24,2026-03-28
VFC,17.3,108434266.0,20,2026-03-24,2026-03-28
VIAV,35.94,213404621.0,20,2026-03-24,2026-03-28
VICI,27.3,309462862.0,20,2026-03-24,2026-03-28
VIK,72.67,214407288.0,20,2026-03-24,2026-03-28
VISN,18.15,100161464.0,20,2026-03-24,2026-03-28
VKTX,32.17,80212754.0,20,2026-03-24,2026-03-28
VLGEA,40.46,2081237.0,20,2026-03-24,2026-03-28
VLTO,86.86,176176020.0,20,2026-03-24,2026-03-28
VNO,26.12,66852312.0,20,2026-03-24,2026-03-28
VNOM,47.78,227634006.0,20,2026-03-24,2026-03-28
VNT,36.93,39872380.0,20,2026-03-24,2026-03-28
VOYA,67.86,81294798.0,20,2026-03-24,2026-03-28
VOYG,25.08,43198035.0,20,2026-03-24,2026-03-28
VPG,42.77,8317295.0,20,2026-03-24,2026-03-28
VRDN,27.19,39461094.0,20,2026-03-24,2026-03-28
VRE,18.91,32749929.0,20,2026-03-24,2026-03-28
VRNS,22.01,51684717.0,20,2026-03-24,2026-03-28
VSAT,48.1,76276954.0,20,2026-03-24,2026-03-28
VSCO,43.54,159319653.0,20,2026-03-24,2026-03-28
VSH,18.26,31555117.0,20,2026-03-24,2026-03-28
VSNT,36.13,115747769.0,20,2026-03-24,2026-03-28
VTOL,45.48,10267836.0,20,2026-03-24,2026-03-28
VTS,19.0,11521731.0,20,2026-03-24,2026-03-28
VTVT,36.21,2532387.0,20,2026-03-24,2026-03-28
VVV,34.38,61503615.0,20,2026-03-24,2026-03-28
VVX,68.56,45501618.0,20,2026-03-24,2026-03-28
WABC,51.27,12088222.0,20,2026-03-24,2026-03-28
WAFD,31.58,23744815.0,20,2026-03-24,2026-03-28
WAL,69.69,151542856.0,20,2026-03-24,2026-03-28
WASH,33.14,6224830.0,20,2026-03-24,2026-03-28
WATT,18.11,6492945.0,20,2026-03-24,2026-03-28
WAY,24.03,57898946.0,20,2026-03-24,2026-03-28
WBD,27.28,849336339.0,20,2026-03-24,2026-03-28
WBI,27.14,31296551.0,20,2026-03-24,2026-03-28
WBS,68.67,402713344.0,20,2026-03-24,2026-03-28
WD,43.98,28274210.0,20,2026-03-24,2026-03-28
WERN,28.87,34042510.0,20,2026-03-24,2026-03-28
WES,42.24,67710767.0,20,2026-03-24,2026-03-28
WFC,79.61,1609292134.0,20,2026-03-24,2026-03-28
WFG,63.15,13119982.0,20,2026-03-24,2026-03-28
WFRD,93.22,152449469.0,20,2026-03-24,2026-03-28
WGO,35.08,22760248.0,20,2026-03-24,2026-03-28
WGS,68.67,59458766.0,20,2026-03-24,2026-03-28
WH,77.39,99488881.0,20,2026-03-24,2026-03-28
WHD,48.32,66546927.0,20,2026-03-24,2026-03-28
WIX,88.1,258796028.0,20,2026-03-24,2026-03-28
WK,59.46,56587446.0,20,2026-03-24,2026-03-28
WKC,22.97,20003050.0,20,2026-03-24,2026-03-28
WLDN,81.82,32833611.0,20,2026-03-24,2026-03-28
WLY,36.76,23062604.0,20,2026-03-24,2026-03-28
WMB,74.46,496356594.0,20,2026-03-24,2026-03-28
WMG,23.65,61850287.0,20,2026-03-24,2026-03-28
WMK,65.98,11515245.0,20,2026-03-24,2026-03-28
WPC,67.4,84830144.0,20,2026-03-24,2026-03-28
WRB,65.03,157391743.0,20,2026-03-24,2026-03-28
WRBY,23.06,90350397.0,20,2026-03-24,2026-03-28
WSBC,33.87,20289978.0,20,2026-03-24,2026-03-28
WSC,18.27,45166037.0,20,2026-03-24,2026-03-28
WSFS,64.65,30042253.0,20,2026-03-24,2026-03-28
WTRG,39.7,137867026.0,20,2026-03-24,2026-03-28
WY,23.54,152443873.0,20,2026-03-24,2026-03-28
WYNN,102.77,213955972.0,20,2026-03-24,2026-03-28
XEL,77.96,381517490.0,20,2026-03-24,2026-03-28
XELLL,24.71,2465962.0,20,2026-03-24,2026-03-28
XENE,53.38,130395127.0,20,2026-03-24,2026-03-28
XOMA,29.22,3357205.0,20,2026-03-24,2026-03-28
XP,19.22,117342990.0,20,2026-03-24,2026-03-28
XPEL,40.28,12847604.0,20,2026-03-24,2026-03-28
XPRO,18.39,21242059.0,20,2026-03-24,2026-03-28
XRN,33.35,5741614.0,20,2026-03-24,2026-03-28
YELP,24.12,36546164.0,20,2026-03-24,2026-03-28
YETI,36.94,54478908.0,20,2026-03-24,2026-03-28
YSS,21.39,27492554.0,20,2026-03-24,2026-03-28
YUMC,51.83,102362010.0,20,2026-03-24,2026-03-28
ZBH,86.32,194947281.0,20,2026-03-24,2026-03-28
ZBIO,21.06,16388877.0,20,2026-03-24,2026-03-28
ZD,43.81,73503767.0,20,2026-03-24,2026-03-28
ZG,45.09,55492517.0,20,2026-03-24,2026-03-28
ZIM,26.46,63163026.0,20,2026-03-24,2026-03-28
ZION,56.22,96446271.0,20,2026-03-24,2026-03-28
ZM,75.98,377132309.0,20,2026-03-24,2026-03-28
ZYME,23.6,19078677.0,20,2026-03-24,2026-03-28
